Anderson, Derek,QB,Carolina Panthers
Bartel, Richard,QB,Arizona Cardinals
Batch, Charlie,QB,Pittsburgh Steelers
Beck, John,QB,Washington Redskins
Boller, Kyle,QB,Oakland Raiders
Bradford, Sam,QB,St. Louis Rams
Brady, Tom,QB,New England Patriots
Brees, Drew,QB,New Orleans Saints
Brunell, Mark,QB,New York Jets
Campbell, Jason,QB,Oakland Raiders
Carpenter, Rudy,QB,Tampa Bay Buccaneers
Carr, David,QB,New York Giants
Cassel, Matt,QB,Kansas City Chiefs
Clausen, Jimmy,QB,Carolina Panthers
Collins, Kerry,QB,Indianapolis Colts
Crompton, Jonathan,QB,Washington Redskins
Cutler, Jay,QB,Chicago Bears
Dalton, Andy,QB,Cincinnati Bengals
Daniel, Chase,QB,New Orleans Saints
Devlin, Pat,QB,Miami Dolphins
Dixon, Dennis,QB,Pittsburgh Steelers
Enderle, Nathan,QB,Chicago Bears
Feeley, A.J.,QB,St. Louis Rams
Fitzpatrick, Ryan,QB,Buffalo Bills
Flacco, Joe,QB,Baltimore Ravens
Flynn, Matt,QB,Green Bay Packers
Freeman, Josh,QB,Tampa Bay Buccaneers
Gabbert, Blaine,QB,Jacksonville Jaguars
Gradkowski, Bruce,QB,Cincinnati Bengals
Grossman, Rex,QB,Washington Redskins
Hall, Max,QB,Arizona Cardinals
Hanie, Caleb,QB,Chicago Bears
Harrell, Graham,QB,Green Bay Packers
Hasselbeck, Matt,QB,Tennessee Titans
Henne, Chad,QB,Miami Dolphins
Hill, Shaun,QB,Detroit Lions
Hoyer, Brian,QB,New England Patriots
Jackson, Tarvaris,QB,Seattle Seahawks
Johnson, Josh,QB,Tampa Bay Buccaneers
Kaepernick, Colin,QB,San Francisco 49ers
Kafka, Mike,QB,Philadelphia Eagles
Kitna, Jon,QB,Dallas Cowboys
Kolb, Kevin,QB,Arizona Cardinals
La Secla, Jordan,QB,Oakland Raiders
LeFevour, Dan,QB,Indianapolis Colts
Leftwich, Byron,QB,Pittsburgh Steelers
Leinart, Matt,QB,Houston Texans
Lewis, Thaddeus,QB,Cleveland Browns
Locker, Jake,QB,Tennessee Titans
Losman, J.P.,QB,Miami Dolphins
Mallett, Ryan,QB,New England Patriots
Manning, Eli,QB,New York Giants
Manning, Peyton,QB,Indianapolis Colts
McCown, Luke,QB,Jacksonville Jaguars
McCoy, Colt,QB,Cleveland Browns
McElroy, Greg,QB,New York Jets
McGee, Stephen,QB,Dallas Cowboys
McNabb, Donovan,QB,Minnesota Vikings
Moore, Matt,QB,Miami Dolphins
Nesbitt, Joshua,QB,Buffalo Bills
Newton, Cam,QB,Carolina Panthers
O'Connell, Kevin,QB,New York Jets
Orlovsky, Dan,QB,Indianapolis Colts
Orton, Kyle,QB,Denver Broncos
Otis, Jeff,QB,Oakland Raiders
Painter, Curtis,QB,Indianapolis Colts
Palko, Tyler,QB,Kansas City Chiefs
Palmer, Carson,QB,Oakland Raiders
Ponder, Christian,QB,Minnesota Vikings
Portis, Josh,QB,Seattle Seahawks
Pryor, Terrelle,QB,Oakland Raiders
Quinn, Brady,QB,Denver Broncos
Redman, Chris,QB,Atlanta Falcons
Rivers, Philip,QB,San Diego Chargers
Robinson, Zac,QB,Cincinnati Bengals
Rodgers, Aaron,QB,Green Bay Packers
Roethlisberger, Ben,QB,Pittsburgh Steelers
Romo, Tony,QB,Dallas Cowboys
Rosenfels, Sage,QB,Miami Dolphins
Ryan, Matt,QB,Atlanta Falcons
Sanchez, Mark,QB,New York Jets
Schaub, Matt,QB,Houston Texans
Skelton, John,QB,Arizona Cardinals
Smith, Alex,QB,San Francisco 49ers
Smith, Brad,QB,Buffalo Bills
Smith, Rusty,QB,Tennessee Titans
Stafford, Matthew,QB,Detroit Lions
Stanton, Drew,QB,Detroit Lions
Stanzi, Ricky,QB,Kansas City Chiefs
Taylor, Tyrod,QB,Baltimore Ravens
Tebow, Tim,QB,Denver Broncos
Thigpen, Tyler,QB,Buffalo Bills
Tolzien, Scott,QB,San Francisco 49ers
Vick, Michael,QB,Philadelphia Eagles
Volek, Billy,QB,San Diego Chargers
Wallace, Seneca,QB,Cleveland Browns
Webb, Joe,QB,Minnesota Vikings
Weber, Adam,QB,Denver Broncos
Whitehurst, Charlie,QB,Seattle Seahawks
Willy, Drew,QB,San Diego Chargers
Wilson, John Parker,QB,Atlanta Falcons
Yates, T.J,QB,Houston Texans
Young, Vince,QB,Philadelphia Eagles
Addai, Joseph,RB,Indianapolis Colts
Allen, Anthony,RB,Baltimore Ravens
Allen, Armando,RB,Chicago Bears
Anderson, Andre',RB,Seattle Seahawks
Asiata, Matt,RB,Minnesota Vikings
Ball, Lance,RB,Denver Broncos
Barber, Marion,RB,Chicago Bears
Batch, Baron,RB,Pittsburgh Steelers
Battle, Jackie,RB,Kansas City Chiefs
Bell, Joique,RB,New Orleans Saints
Bell, Kahlil,RB,Chicago Bears
Benson, Cedric,RB,Cincinnati Bengals
Berry, Damien,RB,Baltimore Ravens
Best, Jahvid,RB,Detroit Lions
Birmingham, DeCori,RB,Carolina Panthers
Blount, LeGarrette,RB,Tampa Bay Buccaneers
Bolen, Brock,RB,Jacksonville Jaguars
Booker, Lorenzo,RB,Minnesota Vikings
Bradford, Allen,RB,Seattle Seahawks
Bradshaw, Ahmad,RB,New York Giants
Brinkley, Curtis,RB,San Diego Chargers
Brown, Andre,RB,New York Giants
Brown, Donald,RB,Indianapolis Colts
Brown, Ronnie,RB,Philadelphia Eagles
Bush, Michael,RB,Oakland Raiders
Bush, Reggie,RB,Miami Dolphins
Carter, Delone,RB,Indianapolis Colts
Cartwright, Rock,RB,Oakland Raiders
Chapas, Shaun,RB,Dallas Cowboys
Charles, Jamaal,RB,Kansas City Chiefs
Choice, Tashard,RB,Washington Redskins
Clay, John,RB,Pittsburgh Steelers
Clayton, Thomas,RB,Cleveland Browns
D'Imperio, Ryan,RB,Minnesota Vikings
Davenport, Najeh,RB,Pittsburgh Steelers
Develin, James,RB,Cincinnati Bengals
Devine, Noel,RB,Philadelphia Eagles
Dixon, Anthony,RB,San Francisco 49ers
Donaldson, Herb,RB,Tennessee Titans
Draughn, Shaun,RB,Kansas City Chiefs
Dwyer, Jonathan,RB,Pittsburgh Steelers
Ervin, Allen,RB,Philadelphia Eagles
Evans, Darren,RB,Indianapolis Colts
Evans, Jonathan,RB,Washington Redskins
Fannin, Mario,RB,Denver Broncos
Faulk, Kevin,RB,New England Patriots
Forsett, Justin,RB,Seattle Seahawks
Forte, Matt,RB,Chicago Bears
Foster, Arian,RB,Houston Texans
Gerhart, Toby,RB,Minnesota Vikings
Goodson, Mike,RB,Carolina Panthers
Gore, Frank,RB,San Francisco 49ers
Graham, Earnest,RB,Tampa Bay Buccaneers
Grant, Ryan,RB,Green Bay Packers
Green, Alex,RB,Green Bay Packers
Green-Ellis, BenJarvus,RB,New England Patriots
Greene, Shonn,RB,New York Jets
Gronkowski, Chris,RB,Indianapolis Colts
Hall, Bruce,RB,Buffalo Bills
Hall, Korey,RB,New Orleans Saints
Hardesty, Montario,RB,Cleveland Browns
Harper, Jamie,RB,Tennessee Titans
Harris, DuJuan,RB,Jacksonville Jaguars
Harrison, Jerome,RB,Detroit Lions
Havili, Stanley,RB,Philadelphia Eagles
Helu, Roy,RB,Washington Redskins
Hightower, Tim,RB,Washington Redskins
Hilliard, Lex,RB,Miami Dolphins
Hillis, Peyton,RB,Cleveland Browns
Hunter, Kendall,RB,San Francisco 49ers
Ingram, Mark,RB,New Orleans Saints
Ivory, Chris,RB,New Orleans Saints
Jackson, Brandon,RB,Cleveland Browns
Jackson, Deonte',RB,Tampa Bay Buccaneers
Jackson, Fred,RB,Buffalo Bills
Jackson, Steven,RB,St. Louis Rams
Jacobs, Brandon,RB,New York Giants
Jennings, Rashad,RB,Jacksonville Jaguars
Johnson, Chris,RB,Tennessee Titans
Johnson, Ian,RB,San Francisco 49ers
Johnson, Jeremiah,RB,Denver Broncos
Jones, Felix,RB,Dallas Cowboys
Jones, Taiwan,RB,Oakland Raiders
Jones, Thomas,RB,Kansas City Chiefs
Jones-Drew, Maurice,RB,Jacksonville Jaguars
Karim, Deji,RB,Jacksonville Jaguars
King, Caleb,RB,Minnesota Vikings
Lattimore, Keon,RB,San Francisco 49ers
Lawrence, Matt,RB,Baltimore Ravens
Leonard, Brian,RB,Cincinnati Bengals
Leshoure, Mikel,RB,Detroit Lions
Lewis, Dion,RB,Philadelphia Eagles
Lumpkin, Kregg,RB,Tampa Bay Buccaneers
Lynch, Marshawn,RB,Seattle Seahawks
Madu, Mossis,RB,Tampa Bay Buccaneers
Mahaffey, Ryan,RB,Baltimore Ravens
Mathews, Ryan,RB,San Diego Chargers
McCluster, Dexter,RB,Kansas City Chiefs
McCoy, LeSean,RB,Philadelphia Eagles
McFadden, Darren,RB,Oakland Raiders
McGahee, Willis,RB,Denver Broncos
McIntyre, Corey,RB,Buffalo Bills
McKnight, Joe,RB,New York Jets
Medlin, Richard,RB,Miami Dolphins
Mendenhall, Rashard,RB,Pittsburgh Steelers
Moore, Mewelde,RB,Pittsburgh Steelers
Moreno, Knowshon,RB,Denver Broncos
Morris, Maurice,RB,Detroit Lions
Murphy, Richard,RB,Jacksonville Jaguars
Murray, DeMarco,RB,Dallas Cowboys
Norwood, Jerious,RB,St. Louis Rams
Ogbonnaya, Chris,RB,Cleveland Browns
Owens, Montell,RB,Jacksonville Jaguars
Peerman, Cedric,RB,Cincinnati Bengals
Peterson, Adrian,RB,Minnesota Vikings
Porter, Quinn,RB,St. Louis Rams
Powell, Bilal,RB,New York Jets
Redman, Isaac,RB,Pittsburgh Steelers
Rice, Ray,RB,Baltimore Ravens
Ridley, Stevan,RB,New England Patriots
Ringer, Javon,RB,Tennessee Titans
Rodgers, Jacquizz,RB,Atlanta Falcons
Royster, Evan,RB,Washington Redskins
Saine, Brandon,RB,Green Bay Packers
Scott, Bernard,RB,Cincinnati Bengals
Scott, Da'Rel,RB,New York Giants
Slaton, Steve,RB,Miami Dolphins
Smith, Alfonso,RB,Arizona Cardinals
Smith, Antone,RB,Atlanta Falcons
Smith, Armond,RB,Cleveland Browns
Smith, Clifton,RB,Miami Dolphins
Smith, Kevin,RB,Detroit Lions
Snelling, Jason,RB,Atlanta Falcons
Spiller, C.J.,RB,Buffalo Bills
Sproles, Darren,RB,New Orleans Saints
Starks, James,RB,Green Bay Packers
Stephens-Howling, LaRod,RB,Arizona Cardinals
Stewart, Jonathan,RB,Carolina Panthers
Summers, Frank,RB,San Diego Chargers
Tanner, Phillip,RB,Dallas Cowboys
Tate, Ben,RB,Houston Texans
Taua, Vai,RB,Seattle Seahawks
Taylor, Chester,RB,Arizona Cardinals
Taylor, Fred,RB,Jacksonville Jaguars
Thomas, Daniel,RB,Miami Dolphins
Thomas, Pierre,RB,New Orleans Saints
Todman, Jordan,RB,San Diego Chargers
Tolbert, Mike,RB,San Diego Chargers
Tomlinson, LaDainian,RB,New York Jets
Torain, Ryan,RB,Washington Redskins
Turner, Michael,RB,Atlanta Falcons
Vakapuna, Fui,RB,Indianapolis Colts
Vaughan, Josh,RB,Carolina Panthers
Vereen, Shane,RB,New England Patriots
Vickers, Lawrence,RB,Houston Texans
Ward, Derrick,RB,Houston Texans
Ware, D.J.,RB,New York Giants
Washington, Leon,RB,Seattle Seahawks
Wells, Beanie,RB,Arizona Cardinals
White, Johnny,RB,Buffalo Bills
Wide, Eddie,RB,St. Louis Rams
Williams, Cadillac,RB,St. Louis Rams
Williams, DeAngelo,RB,Carolina Panthers
Williams, Javarris,RB,Houston Texans
Williams, Keiland,RB,Detroit Lions
Williams, Ricky,RB,Baltimore Ravens
Williams, Ryan,RB,Arizona Cardinals
Woodhead, Danny,RB,New England Patriots
Clay, Charles,RB,Miami Dolphins
Clutts, Tyler,RB,Chicago Bears
Collins, Jed,RB,New Orleans Saints
Conner, John,RB,New York Jets
Cox, Mike,RB,Atlanta Falcons
DiMarco, Patrick,RB,San Diego Chargers
Felton, Jerome,RB,Carolina Panthers
Fiammetta, Tony,RB,Dallas Cowboys
Hall, Ahmard,RB,Tennessee Titans
Hester, Jacob,RB,San Diego Chargers
Hynoski, Henry,RB,New York Giants
Johnson, Quinn,RB,Denver Broncos
Jones, Greg,RB,Jacksonville Jaguars
Kuhn, John,RB,Green Bay Packers
Larsen, Spencer,RB,Denver Broncos
Leach, Vonta,RB,Baltimore Ravens
Lorig, Erik,RB,Tampa Bay Buccaneers
Marecic, Owen,RB,Cleveland Browns
Maui'a, Reagan,RB,Arizona Cardinals
McClain, Le'Ron,RB,Kansas City Chiefs
McCluskey, James,RB,Oakland Raiders
Miller, Brit,RB,St. Louis Rams
Miller, Bruce,RB,San Francisco 49ers
Mughelli, Ovie,RB,Atlanta Falcons
Norris, Moran,RB,San Francisco 49ers
Pressley, Chris,RB,Cincinnati Bengals
Reece, Marcel,RB,Oakland Raiders
Robinson, Michael,RB,Seattle Seahawks
Schmitt, Owen,RB,Philadelphia Eagles
Sherman, Anthony,RB,Arizona Cardinals
Tonga, Manase,RB,Oakland Raiders
Williams, Eddie,RB,Cleveland Browns
Wilson, Kris,RB,Baltimore Ravens
Young, Darrel,RB,Washington Redskins
Adams, Darvin,WR,Carolina Panthers
Aiken, Kamar,WR,Buffalo Bills
Ajirotutu, Seyi,WR,Carolina Panthers
Alexander, Danario,WR,St. Louis Rams
Amendola, Danny,WR,St. Louis Rams
Anderson, David,WR,Washington Redskins
Arceneaux, Emmanuel,WR,Minnesota Vikings
Armstrong, Anthony,WR,Washington Redskins
Arnett, Alric,WR,Detroit Lions
Aromashodu, Devin,WR,Minnesota Vikings
Arrington, Adrian,WR,New Orleans Saints
Austin, Miles,WR,Dallas Cowboys
Austin, Terrence,WR,Washington Redskins
Avant, Jason,WR,Philadelphia Eagles
Avery, Donnie,WR,Tennessee Titans
Baldwin, Doug,WR,Seattle Seahawks
Baldwin, Jon,WR,Kansas City Chiefs
Banks, Brandon,WR,Washington Redskins
Banks, Gary,WR,San Diego Chargers
Barden, Ramses,WR,New York Giants
Battle, Arnaz,WR,Pittsburgh Steelers
Benn, Arrelious,WR,Tampa Bay Buccaneers
Bennett, Earl,WR,Chicago Bears
Bess, Davone,WR,Miami Dolphins
Billings, Montez,WR,New Orleans Saints
Binns, Armon,WR,Cincinnati Bengals
Bogan, Dontavia,WR,San Francisco 49ers
Boldin, Anquan,WR,Baltimore Ravens
Borel, Diondre,WR,Green Bay Packers
Bowe, Dwayne,WR,Kansas City Chiefs
Bradley, Rodney,WR,Baltimore Ravens
Branch, Deion,WR,New England Patriots
Breaston, Steve,WR,Kansas City Chiefs
Briscoe, Dezmon,WR,Tampa Bay Buccaneers
Britt, Kenny,WR,Tennessee Titans
Brown, Antonio,WR,Pittsburgh Steelers
Brown, Vincent,WR,San Diego Chargers
Bryant, Dez,WR,Dallas Cowboys
Burleson, Nate,WR,Detroit Lions
Burress, Plaxico,WR,New York Jets
Burton, Stephen,WR,Minnesota Vikings
Butler, Deon,WR,Seattle Seahawks
Caldwell, Andre,WR,Cincinnati Bengals
Calhoun, Duke,WR,New York Giants
Camarillo, Greg,WR,Minnesota Vikings
Campbell, Michael,WR,New York Jets
Carlos, Keith,WR,Philadelphia Eagles
Carter, Patrick,WR,Miami Dolphins
Clayton, Mark,WR,St. Louis Rams
Clayton, Michael,WR,New York Giants
Cobb, Randall,WR,Green Bay Packers
Colbert, Keary,WR,Kansas City Chiefs
Collie, Austin,WR,Indianapolis Colts
Colston, Marques,WR,New Orleans Saints
Cone, Kevin,WR,Atlanta Falcons
Cooper, Riley,WR,Philadelphia Eagles
Copper, Terrance,WR,Kansas City Chiefs
Cosby, Quan,WR,Denver Broncos
Cotchery, Jerricho,WR,Pittsburgh Steelers
Crabtree, Michael,WR,San Francisco 49ers
Crayton, Patrick,WR,San Diego Chargers
Cribbs, Josh,WR,Cleveland Browns
Cruz, Victor,WR,New York Giants
Curry, Dominique,WR,St. Louis Rams
Davis, D.J.,WR,Atlanta Falcons
Davis, Rashied,WR,Detroit Lions
DePalma, Dan,WR,New York Giants
Decker, Eric,WR,Denver Broncos
Dell, Mark,WR,Denver Broncos
Denmark, Clarence,WR,Jacksonville Jaguars
Dickerson, Dorin,WR,Pittsburgh Steelers
Dillard, Jarett,WR,Jacksonville Jaguars
Doss, Tandon,WR,Baltimore Ravens
Doucet, Early,WR,Arizona Cardinals
Douglas, Harry,WR,Atlanta Falcons
Driver, Donald,WR,Green Bay Packers
Durham, Kris,WR,Seattle Seahawks
Easley, Marcus,WR,Buffalo Bills
Edelman, Julian,WR,New England Patriots
Edwards, Armanti,WR,Carolina Panthers
Edwards, Braylon,WR,San Francisco 49ers
Evans, Lee,WR,Baltimore Ravens
Fitzgerald, Larry,WR,Arizona Cardinals
Floyd, Malcom,WR,San Diego Chargers
Ford, Jacoby,WR,Oakland Raiders
Gaffney, Jabar,WR,Washington Redskins
Gant, Ed,WR,Tampa Bay Buccaneers
Garcon, Pierre,WR,Indianapolis Colts
Gates, Clyde,WR,Miami Dolphins
Gettis, David,WR,Carolina Panthers
Gibson, Brandon,WR,St. Louis Rams
Gilyard, Mardy,WR,New York Jets
Ginn, Ted,WR,San Francisco 49ers
Gonzalez, Anthony,WR,Indianapolis Colts
Goodman, Richard,WR,San Diego Chargers
Goodwin, D'Andre,WR,Denver Broncos
Grant, Bakari,WR,San Francisco 49ers
Green, A.J.,WR,Cincinnati Bengals
Grisham, Tyler,WR,Pittsburgh Steelers
Gurley, Tori,WR,Green Bay Packers
Hall, Chad,WR,Philadelphia Eagles
Hall, Roy,WR,Detroit Lions
Hamler, Jamel,WR,Denver Broncos
Hankerson, Leonard,WR,Washington Redskins
Hardy, James,WR,Baltimore Ravens
Harris, Dwayne,WR,Dallas Cowboys
Hartline, Brian,WR,Miami Dolphins
Harvin, Percy,WR,Minnesota Vikings
Hastings, Joe,WR,San Francisco 49ers
Hawkins, Andrew,WR,Cincinnati Bengals
Hawkins, Lavelle,WR,Tennessee Titans
Henderson, Devery,WR,New Orleans Saints
Hester, Devin,WR,Chicago Bears
Heyward-Bey, Darrius,WR,Oakland Raiders
Hill, Jason,WR,Jacksonville Jaguars
Hixon, Domenik,WR,New York Giants
Holley, Jesse,WR,Dallas Cowboys
Holliday, Trindon,WR,Houston Texans
Holmes, Andre,WR,Dallas Cowboys
Holmes, Santonio,WR,New York Jets
Horne, Jeremy,WR,Kansas City Chiefs
Houshmandzadeh, T.J.,WR,Oakland Raiders
Huggins, Felton,WR,Buffalo Bills
Hughes, Nate,WR,Detroit Lions
Hurd, Sam,WR,Chicago Bears
Jackson, DeSean,WR,Philadelphia Eagles
Jackson, Vincent,WR,San Diego Chargers
Jean, Lestar,WR,Houston Texans
Jeffcoat, Sean,WR,Arizona Cardinals
Jenkins, Michael,WR,Minnesota Vikings
Jennings, Greg,WR,Green Bay Packers
Jernigan, Jerrel,WR,New York Giants
Johnson, Andre,WR,Houston Texans
Johnson, Bryant,WR,Houston Texans
Johnson, Calvin,WR,Detroit Lions
Johnson, Jaymar,WR,Arizona Cardinals
Johnson, Ronald,WR,Philadelphia Eagles
Johnson, Steve,WR,Buffalo Bills
Jones, Derrick,WR,Oakland Raiders
Jones, Donald,WR,Buffalo Bills
Jones, Jacoby,WR,Houston Texans
Jones, James,WR,Green Bay Packers
Jones, Julio,WR,Atlanta Falcons
Kerley, Jeremy,WR,New York Jets
Kirkendoll, James,WR,Tennessee Titans
Knox, Johnny,WR,Chicago Bears
Komar, Max,WR,Chicago Bears
LaFell, Brandon,WR,Carolina Panthers
Little, Greg,WR,Cleveland Browns
Lloyd, Brandon,WR,St. Louis Rams
Lockette, Ricardo,WR,Seattle Seahawks
Logan, Stefan,WR,Detroit Lions
Maclin, Jeremy,WR,Philadelphia Eagles
Maehl, Jeff,WR,Houston Texans
Manningham, Mario,WR,New York Giants
Mariani, Marc,WR,Tennessee Titans
Marshall, Brandon,WR,Miami Dolphins
Martin, Ruvell,WR,Buffalo Bills
Mason, Derrick,WR,Houston Texans
Massaquoi, Mohamed,WR,Cleveland Browns
McGee, Eddie,WR,Oakland Raiders
Meachem, Robert,WR,New Orleans Saints
Meier, Kerry,WR,Atlanta Falcons
Mitchell, Carlton,WR,Cleveland Browns
Moore, Denarius,WR,Oakland Raiders
Moore, Lance,WR,New Orleans Saints
Moore, Marlon,WR,Miami Dolphins
Morgan, Joe,WR,New Orleans Saints
Morgan, Josh,WR,San Francisco 49ers
Moss, Santana,WR,Washington Redskins
Moturi, Jeff,WR,Dallas Cowboys
Murdock, O.J.,WR,Tennessee Titans
Murphy, Louis,WR,Oakland Raiders
Naanee, Legedu,WR,Carolina Panthers
Nelson, David,WR,Buffalo Bills
Nelson, Jordy,WR,Green Bay Packers
Nicks, Hakeem,WR,New York Giants
Norwood, Jordan,WR,Cleveland Browns
Obomanu, Ben,WR,Seattle Seahawks
Ochocinco, Chad,WR,New England Patriots
Ogletree, Kevin,WR,Dallas Cowboys
Ortiz, Robert,WR,New England Patriots
Osgood, Kassim,WR,Jacksonville Jaguars
Owusu-Ansah, Akwasi,WR,Dallas Cowboys
Parker, Preston,WR,Tampa Bay Buccaneers
Parrish, Roscoe,WR,Buffalo Bills
Paul, Niles,WR,Washington Redskins
Payne, Logan,WR,New York Jets
Peterman, Eric,WR,Chicago Bears
Pettis, Austin,WR,St. Louis Rams
Pilares, Kealoha,WR,Carolina Panthers
Preston, Michael,WR,Tennessee Titans
Price, Taylor,WR,New England Patriots
Pruitt, Julius,WR,Miami Dolphins
Radway, Raymond,WR,Dallas Cowboys
Reed, David,WR,Baltimore Ravens
Rice, Sidney,WR,Seattle Seahawks
Riley, Eron,WR,New York Jets
Roberts, Andre,WR,Arizona Cardinals
Robinson, Aldrick,WR,Washington Redskins
Robinson, Laurent,WR,Dallas Cowboys
Robiskie, Brian,WR,Jacksonville Jaguars
Roby, Courtney,WR,New Orleans Saints
Roosevelt, Naaman,WR,Buffalo Bills
Ross, Jeremy,WR,Indianapolis Colts
Royal, Eddie,WR,Denver Broncos
Ryan, Titus,WR,Dallas Cowboys
Salas, Greg,WR,St. Louis Rams
Sampson, DeMarco,WR,Arizona Cardinals
Sanders, Emmanuel,WR,Pittsburgh Steelers
Sanzenbacher, Dane,WR,Chicago Bears
Schilens, Chaz,WR,Oakland Raiders
Shipley, Jordan,WR,Cincinnati Bengals
Shorts, Cecil,WR,Jacksonville Jaguars
Simpson, Jerome,WR,Cincinnati Bengals
Sims-Walker, Mike,WR,Jacksonville Jaguars
Slater, Matthew,WR,New England Patriots
Small, Ray,WR,Washington Redskins
Smith, Steve,WR,Carolina Panthers
Smith, Steve,WR,Philadelphia Eagles
Smith, Torrey,WR,Baltimore Ravens
Smithson, Shaky,WR,Green Bay Packers
Spurlock, Micheal,WR,Tampa Bay Buccaneers
Stallworth, Donte',WR,Washington Redskins
Stovall, Maurice,WR,Detroit Lions
Stroughter, Sammie,WR,Tampa Bay Buccaneers
Stuckey, Chansi,WR,Arizona Cardinals
Swain, Brett,WR,San Francisco 49ers
Swift, Nate,WR,Jacksonville Jaguars
Tanner, Andy,WR,New Orleans Saints
Tate, Brandon,WR,Cincinnati Bengals
Tate, Golden,WR,Seattle Seahawks
Taylor, Kerry,WR,Minnesota Vikings
Thomas, Demaryius,WR,Denver Broncos
Thomas, Devin,WR,New York Giants
Thomas, Mike,WR,Jacksonville Jaguars
Toliver, Terrence,WR,Detroit Lions
Toone, Tim,WR,Buffalo Bills
Turner, Patrick,WR,New York Jets
Underwood, Tiquan,WR,New England Patriots
Urban, Jerheme,WR,Kansas City Chiefs
Walker, Sean,WR,St. Louis Rams
Wallace, Mike,WR,Pittsburgh Steelers
Wallace, Roberto,WR,Miami Dolphins
Walter, Kevin,WR,Houston Texans
Ward, Hines,WR,Pittsburgh Steelers
Washington, Nate,WR,Tennessee Titans
Wayne, Reggie,WR,Indianapolis Colts
Webber, Raymond,WR,Tampa Bay Buccaneers
Weems, Eric,WR,Atlanta Falcons
Welker, Wes,WR,New England Patriots
West, Chastin,WR,Jacksonville Jaguars
Whalen, Ryan,WR,Cincinnati Bengals
White, Blair,WR,Indianapolis Colts
White, Roddy,WR,Atlanta Falcons
Williams, Bobby,WR,Buffalo Bills
Williams, Damian,WR,Tennessee Titans
Williams, Kyle,WR,San Francisco 49ers
Williams, LaQuan,WR,Baltimore Ravens
Williams, Mike,WR,Seattle Seahawks
Williams, Mike,WR,Tampa Bay Buccaneers
Williams, Pat,WR,Seattle Seahawks
Williams, Roy,WR,Chicago Bears
Williams, Stephen,WR,Arizona Cardinals
Williams, Teddy,WR,Dallas Cowboys
Willis, Matt,WR,Denver Broncos
Windsor, Rod,WR,Cleveland Browns
Wright, Rodney,WR,San Francisco 49ers
Young, Titus,WR,Detroit Lions
Adams, Kyle,TE,Chicago Bears
Agnone, Robert,TE,Atlanta Falcons
Ausberry, David,TE,Oakland Raiders
Bajema, Billy,TE,St. Louis Rams
Baker, Josh,TE,New York Jets
Ballard, Jake,TE,New York Giants
Barnidge, Gary,TE,Carolina Panthers
Becht, Anthony,TE,Kansas City Chiefs
Beckum, Travis,TE,New York Giants
Bennett, Martellus,TE,Dallas Cowboys
Boss, Kevin,TE,Oakland Raiders
Brock, Kevin,TE,Oakland Raiders
Brockel, Richie,TE,Carolina Panthers
Byham, Nate,TE,San Francisco 49ers
Byrd, Dominique,TE,Washington Redskins
Cameron, Jordan,TE,Cleveland Browns
Carlson, John,TE,Seattle Seahawks
Casey, James,TE,Houston Texans
Caussin, Mike,TE,Buffalo Bills
Celek, Brent,TE,Philadelphia Eagles
Chandler, Scott,TE,Buffalo Bills
Clark, Dallas,TE,Indianapolis Colts
Clark, Desmond,TE,Chicago Bears
Cloherty, Colin,TE,Jacksonville Jaguars
Cochart, Colin,TE,Cincinnati Bengals
Coffman, Chase,TE,Cincinnati Bengals
Cook, Jared,TE,Tennessee Titans
Cooley, Chris,TE,Washington Redskins
Crabtree, Tom,TE,Green Bay Packers
Cumberland, Jeff,TE,New York Jets
Daniels, Owen,TE,Houston Texans
Davis, Fred,TE,Washington Redskins
Davis, Kellen,TE,Chicago Bears
Davis, Vernon,TE,San Francisco 49ers
Dickson, Ed,TE,Baltimore Ravens
Dray, Jim,TE,Arizona Cardinals
Dreessen, Joel,TE,Houston Texans
Drew, Davon,TE,Baltimore Ravens
Eldridge, Brody,TE,Indianapolis Colts
Epps, Dedrick,TE,Indianapolis Colts
Farr, DajLeon,TE,Buffalo Bills
Fasano, Anthony,TE,Miami Dolphins
Fells, Daniel,TE,Denver Broncos
Finley, Jermichael,TE,Green Bay Packers
Franklin, Collin,TE,Tampa Bay Buccaneers
Gallarda, Tommy,TE,Atlanta Falcons
Gates, Antonio,TE,San Diego Chargers
Gilmore, John,TE,New Orleans Saints
Gonzalez, Tony,TE,Atlanta Falcons
Gordon, Richard,TE,Oakland Raiders
Graham, Cameron,TE,Tennessee Titans
Graham, Daniel,TE,Tennessee Titans
Graham, Garrett,TE,Houston Texans
Graham, Jimmy,TE,New Orleans Saints
Green, Virgil,TE,Denver Broncos
Gresham, Jermaine,TE,Cincinnati Bengals
Gronkowski, Rob,TE,New England Patriots
Guidugli, Ben,TE,St. Louis Rams
Harbor, Clay,TE,Philadelphia Eagles
Hardy, Daniel,TE,Tampa Bay Buccaneers
Hartsock, Ben,TE,Carolina Panthers
Heap, Todd,TE,Arizona Cardinals
Heller, Will,TE,Detroit Lions
Hernandez, Aaron,TE,New England Patriots
Higgins, Mike,TE,New Orleans Saints
Hill, Anthony,TE,Indianapolis Colts
Hill, Darius,TE,Jacksonville Jaguars
Hoomanawanui, Michael,TE,St. Louis Rams
Hopkins, Chris,TE,New York Giants
Housler, Rob,TE,Arizona Cardinals
Humphrey, Tory,TE,New Orleans Saints
Johnson, David,TE,Pittsburgh Steelers
Keller, Dustin,TE,New York Jets
Kelly, Reggie,TE,Atlanta Falcons
Kendricks, Lance,TE,St. Louis Rams
King, Jeff,TE,Arizona Cardinals
Kleinsasser, Jimmy,TE,Minnesota Vikings
Konz, Jameson,TE,Seattle Seahawks
Lee, Donald,TE,Cincinnati Bengals
Lewis, Marcedes,TE,Jacksonville Jaguars
Mastrud, Jeron,TE,Miami Dolphins
McCoy, Anthony,TE,Seattle Seahawks
McCoy, Jamie,TE,Pittsburgh Steelers
McMichael, Randy,TE,San Diego Chargers
McNeill, Mike,TE,Indianapolis Colts
Miller, Heath,TE,Pittsburgh Steelers
Miller, Zach,TE,Jacksonville Jaguars
Miller, Zach,TE,Seattle Seahawks
Mills, Garrett,TE,New England Patriots
Moeaki, Tony,TE,Kansas City Chiefs
Moore, Evan,TE,Cleveland Browns
Morrah, Cameron,TE,Seattle Seahawks
Mulligan, Matthew,TE,New York Jets
Myers, Brandon,TE,Oakland Raiders
Myers, Rob,TE,Washington Redskins
Nalbone, John,TE,Seattle Seahawks
Nelson, Shawn,TE,New York Jets
O'Connell, Jake,TE,Kansas City Chiefs
Olsen, Greg,TE,Carolina Panthers
Onobun, Fendi,TE,Jacksonville Jaguars
Overbay, Nathan,TE,Detroit Lions
Palmer, Michael,TE,Atlanta Falcons
Pascoe, Bear,TE,New York Giants
Patrick, Ben,TE,New York Giants
Paulsen, Logan,TE,Washington Redskins
Peelle, Justin,TE,San Francisco 49ers
Pettigrew, Brandon,TE,Detroit Lions
Phillips, John,TE,Dallas Cowboys
Pianalto, Zack,TE,Tampa Bay Buccaneers
Pitta, Dennis,TE,Baltimore Ravens
Pope, Leonard,TE,Kansas City Chiefs
Potter, Zach,TE,Jacksonville Jaguars
Quarless, Andrew,TE,Green Bay Packers
Reisner, Allen,TE,Minnesota Vikings
Reuland, Konrad,TE,San Francisco 49ers
Rosario, Dante,TE,Denver Broncos
Ross, Draylen,TE,Chicago Bears
Rucker, Martin,TE,Jacksonville Jaguars
Rudolph, Kyle,TE,Minnesota Vikings
Saunders, Weslye,TE,Pittsburgh Steelers
Scaife, Bo,TE,Cincinnati Bengals
Scheffler, Tony,TE,Detroit Lions
Sellers, Mike,TE,Washington Redskins
Sherrod, Dezmond,TE,Pittsburgh Steelers
Shiancoe, Visanthe,TE,Minnesota Vikings
Shockey, Jeremy,TE,Carolina Panthers
Skelton, Steve,TE,Arizona Cardinals
Smith, Alex,TE,Cleveland Browns
Smith, Andre,TE,Chicago Bears
Smith, Greg,TE,Carolina Panthers
Smith, Lee,TE,Buffalo Bills
Spach, Stephen,TE,St. Louis Rams
Spaeth, Matt,TE,Chicago Bears
Sperry, Kory,TE,San Diego Chargers
Stevens, Craig,TE,Tennessee Titans
Stocker, Luke,TE,Tampa Bay Buccaneers
Tamme, Jacob,TE,Indianapolis Colts
Taylor, Brad,TE,San Diego Chargers
Taylor, Ryan,TE,Green Bay Packers
Thomas, David,TE,New Orleans Saints
Thomas, Julius,TE,Denver Broncos
Tow-Arnett, Nick,TE,Seattle Seahawks
Walker, Delanie,TE,San Francisco 49ers
Watson, Benjamin,TE,Cleveland Browns
Williams, D.J.,TE,Green Bay Packers
Winslow, Kellen,TE,Tampa Bay Buccaneers
Witten, Jason,TE,Dallas Cowboys
Yeatman, Will,TE,Miami Dolphins