"Player";"Position";"Team"
"Aagaard, Mikkel";"C";"CGY"
"Abbott, Spencer";"RW";"CHI"
"Abdelkader, Justin";"LW";"DET"
"Aberg, Pontus";"LW";"NSH"
"Abramov, Vitaly";"RW";"CBS"
"Acciari, Noel";"C";"BOS"
"Acton, Will";"C";"EDM"
"Adam, Luke";"C";"CGY"
"Agostino, Kenny";"LW";"STL"
"Agozzino, Andrew";"LW";"STL"
"Aho, Sebastian";"LW";"CAR"
"Alain, Alexandre";"C";"TAM"
"Alexandrov, Yuri";"D";"MTL"
"Allard, Frederic";"D";"NSH"
"Allen, Conor";"D";"DET"
"Allen, Jake";"G";"STL"
"Alt, Mark";"D";"PHI"
"Altshuller, Daniel";"G";"CAR"
"Alzner, Karl";"D";"WAS"
"Amadio, Michael";"C";"LAK"
"Andersen, Frederik";"G";"TOR"
"Anderson, Craig";"G";"OTT"
"Anderson, Josh";"RW";"CBS"
"Andersson, Rasmus";"D";"CGY"
"Andreoff, Andy";"C";"LAK"
"Andrighetto, Sven";"RW";"MTL"
"Ang, Jonathan";"C";"FLA"
"Angelidis, Mike";"LW";"CGY"
"Anisimov, Artem";"C";"CHI"
"Archibald, Josh";"RW";"PIT"
"Arcobello, Mark";"C";"TOR"
"Armalis, Mantas";"G";"SJS"
"Armia, Joel";"RW";"WPG"
"Arnesson, Linus";"D";"BOS"
"Arvidsson, Viktor";"RW";"NSH"
"Athanasiou, Andreas";"C";"DET"
"Atkinson, Cam";"RW";"CBS"
"Aube-Kubel, Nicolas";"RW";"PHI"
"Aubry, Louis-Marc";"LW";"DET"
"Audette, Daniel";"C";"MTL"
"Auger, Justin";"RW";"LAK"
"Aulie, Keith";"D";"CBS"
"Austin, Brady";"D";"BUF"
"Auvitu, Yohann";"D";"NJD"
"Bachman, Richard";"G";"VAN"
"Backes, David";"C";"BOS"
"Backlund, Mikael";"C";"CGY"
"Backman, Mattias";"D";"DAL"
"Backman, Sean";"RW";"LAK"
"Backstrom, Nicklas";"C";"WAS"
"Baddock, Brandon";"LW";"NJD"
"Baertschi, Sven";"LW";"VAN"
"Bailey, Casey";"C";"OTT"
"Bailey, Josh";"LW";"NYI"
"Bailey, Justin";"RW";"BUF"
"Balisy, Chasen";"C";"FLA"
"Bancks, Carter";"LW";"VAN"
"Bang, Daniel";"LW";"NSH"
"Baptiste, Nicholas";"RW";"BUF"
"Barbashev, Ivan";"LW";"STL"
"Barber, Riley";"RW";"WAS"
"Barberio, Mark";"D";"MTL"
"Bardreau, Cole";"RW";"PHI"
"Barkov, Aleksander";"C";"FLA"
"Barnes, Tyler";"RW";"CHI"
"Barrie, Tyson";"D";"COL"
"Bartkowski, Matt";"D";"OTT"
"Bartley, Victor";"D";"MIN"
"Barzal, Matthew";"C";"NYI"
"Bass, Cody";"C";"NSH"
"Bastian, Nathan";"RW";"NJD"
"Baun, Kyle";"RW";"CHI"
"Beagle, Jay";"C";"WAS"
"Bean, Jake";"D";"CAR"
"Bear, Ethan";"D";"EDM"
"Beauchemin, Francois";"D";"COL"
"Beaudin, Jean-Christophe";"C";"COL"
"Beaulieu, Nathan";"D";"MTL"
"Beaupre, Gabriel";"D";"COL"
"Beauvillier, Anthony";"LW";"NYI"
"Beck, Colton";"LW";"MIN"
"Beck, Taylor";"LW";"EDM"
"Beleskey, Matt";"LW";"BOS"
"Bellemare, Pierre-Edouard";"RW";"PHI"
"Bellows, Kieffer";"LW";"NYI"
"Bengtsson, Lukas";"D";"PIT"
"Benn, Jamie";"LW";"DAL"
"Benn, Jordie";"D";"DAL"
"Bennett, Beau";"RW";"NJD"
"Bennett, Mac";"D";"BUF"
"Bennett, Sam";"C";"CGY"
"Benning, Matthew";"D";"EDM"
"Benoit, Andre";"D";"STL"
"Benson, Tyler";"LW";"EDM"
"Berdin, Mikhail";"G";"WPG"
"Bergenheim, Sean";"LW";"ANA"
"Bergeron, Marc-Andre";"D";"CBS"
"Bergeron, Patrice";"C";"BOS"
"Berglund, Patrik";"C";"STL"
"Bernier, Jonathan";"G";"ANA"
"Bernier, Steve";"RW";"NYI"
"Berra, Reto";"G";"FLA"
"Bertschy, Christoph";"C";"MIN"
"Bertuzzi, Tyler";"LW";"DET"
"Berube, Jean-Francois";"G";"NYI"
"Betker, Ben";"D";"EDM"
"Bibeau, Antoine";"G";"TOR"
"Bickel, Stu";"D";"ANA"
"Bickell, Bryan";"LW";"CAR"
"Biega, Alex";"D";"VAN"
"Biega, Danny";"D";"CAR"
"Bieksa, Kevin";"D";"ANA"
"Bigras, Chris";"D";"COL"
"Billins, Chad";"D";"VAN"
"Binnington, Jordan";"G";"STL"
"Bishop, Ben";"G";"TAM"
"Bishop, Clark";"C";"CAR"
"Bissonnette, Paul";"LW";"LAK"
"Bitetto, Anthony";"D";"NSH"
"Bittner, Paul";"LW";"CBS"
"Bjorkqvist, Kasper";"RW";"PIT"
"Bjorkstrand, Oliver";"RW";"CBS"
"Bjorkstrand, Patrick";"RW";"LAK"
"Bjugstad, Nick";"C";"FLA"
"Black, Graham";"C";"FLA"
"Blackwood, Mackenzie";"G";"NJD"
"Blais, Samuel";"LW";"STL"
"Blandisi, Joseph";"C";"NJD"
"Bleackley, Conner";"C";"STL"
"Blidh, Anton";"LW";"BOS"
"Blomqvist, Axel";"RW";"WPG"
"Blueger, Teddy";"C";"PIT"
"Blujus, Dylan";"D";"TAM"
"Blunden, Michael";"RW";"OTT"
"Bobrovsky, Sergei";"G";"CBS"
"Bodie, Mat";"D";"NYR"
"Bodnarchuk, Andrew";"D";"DAL"
"Boedker, Mikkel";"LW";"SJS"
"Bogosian, Zach";"D";"BUF"
"Boikov, Sergei";"D";"COL"
"Bolduc, Alex";"C";"ARI"
"Boll, Jared";"RW";"ANA"
"Bolland, Dave";"C";"ARI"
"Bollig, Brandon";"LW";"CGY"
"Bonino, Nick";"C";"PIT"
"Booth, David";"LW";"ANA"
"Borgstrom, Henrik";"C";"FLA"
"Borkowski, Mike";"LW";"DET"
"Borowiecki, Mark";"D";"OTT"
"Bortuzzo, Robert";"D";"STL"
"Boucher, Reid";"C";"NJD"
"Boudreau, Gabryel";"LW";"NSH"
"Boulton, Eric";"LW";"NYI"
"Bouma, Lance";"LW";"CGY"
"Bouramman, Gustav";"D";"MIN"
"Bourke, Troy";"LW";"COL"
"Bournival, Michael";"LW";"TAM"
"Bourque, Chris";"LW";"WAS"
"Bourque, Gabriel";"LW";"COL"
"Bourque, Rene";"LW";"COL"
"Bouwmeester, Jay";"D";"STL"
"Bowey, Madison";"D";"WAS"
"Boychuk, Johnny";"D";"NYI"
"Boychuk, Zach";"C";"ARI"
"Boyd, Travis";"C";"WAS"
"Boyle, Brian";"C";"TAM"
"Bozak, Tyler";"C";"TOR"
"Brassard, Derick";"C";"OTT"
"Braun, Justin";"D";"SJS"
"Breen, Chris";"D";"BOS"
"Brennan, T.J.";"D";"PHI"
"Brickley, Connor";"C";"FLA"
"Brisebois, Mathieu";"D";"ARI"
"Brittain, Sam";"G";"FLA"
"Broadhurst, Alex";"C";"CBS"
"Brodeur, Jeremy";"G";"CBS"
"Brodie, T.J.";"D";"CGY"
"Brodin, Jonas";"D";"MIN"
"Brodziak, Kyle";"C";"STL"
"Brodzinski, Jonny";"C";"LAK"
"Brossoit, Laurent";"G";"EDM"
"Brouwer, Troy";"RW";"CGY"
"Brown, Chris";"C";"NYR"
"Brown, Connor";"RW";"TOR"
"Brown, Dustin";"RW";"LAK"
"Brown, J.T.";"RW";"TAM"
"Brown, Joshua";"D";"FLA"
"Brown, Logan";"C";"OTT"
"Brown, Mike";"RW";"CBS"
"Brown, Patrick";"C";"CAR"
"Brunner, Damien";"RW";"NJD"
"Buchnevich, Pavel";"LW";"NYR"
"Budaj, Peter";"G";"LAK"
"Bukarts, Rihards";"LW";"FLA"
"Bulmer, Brett";"RW";"MIN"
"Bunnaman, Connor";"C";"PHI"
"Bunting, Michael";"LW";"ARI"
"Burakovsky, Andre";"LW";"WAS"
"Burgdoerfer, Erik";"D";"BUF"
"Burmistrov, Alexander";"C";"WPG"
"Burns, Brent";"D";"SJS"
"Burroughs, Kyle";"D";"NYI"
"Burrows, Alex";"LW";"VAN"
"Butler, Chris";"D";"STL"
"Butler, Dustin";"G";"VAN"
"Byfuglien, Dustin";"D";"WPG"
"Byron, Paul";"C";"MTL"
"Caggiula, Drake";"C";"EDM"
"Callahan, Mitch";"LW";"DET"
"Callahan, Ryan";"RW";"TAM"
"Calvert, Matt";"LW";"CBS"
"Cammalleri, Michael";"LW";"NJD"
"Campbell, Andrew";"D";"TOR"
"Campbell, Brian";"D";"CHI"
"Campbell, Colin";"LW";"DET"
"Campbell, Gregory";"C";"CBS"
"Campbell, Jack";"G";"LAK"
"Camper, Carter";"C";"NJD"
"Cannata, Joe";"G";"WAS"
"Cannone, Pat";"C";"MIN"
"Capobianco, Kyle";"D";"ARI"
"Carcone, Michael";"RW";"VAN"
"Carey, Greg";"C";"PHI"
"Carey, Paul";"C";"WAS"
"Carle, Matt";"D";"NSH"
"Carlo, Brandon";"D";"BOS"
"Carlson, John";"D";"WAS"
"Carlsson, Jonathan";"D";"CHI"
"Caron, Jordan";"LW";"STL"
"Carpenter, Ryan";"C";"SJS"
"Carr, Daniel";"LW";"MTL"
"Carrick, Connor";"D";"TOR"
"Carrick, Sam";"C";"CHI"
"Carrick, Trevor";"D";"CAR"
"Carrier, Alexandre";"D";"NSH"
"Carrier, William";"LW";"BUF"
"Carroll, Austin";"RW";"CGY"
"Carter, Jeff";"C";"LAK"
"Carter, Ryan";"C";"MIN"
"Casto, Chris";"D";"BOS"
"Catenacci, Daniel";"C";"BUF"
"Cave, Colby";"C";"BOS"
"Ceci, Cody";"D";"OTT"
"Cehlarik, Peter";"LW";"BOS"
"Cernak, Erik";"D";"LAK"
"Chabot, Thomas";"D";"OTT"
"Chaput, Michael";"C";"VAN"
"Chara, Zdeno";"D";"BOS"
"Chartier, Rourke";"C";"SJS"
"Chase, Gregory";"C";"EDM"
"Chelios, Jake";"D";"CAR"
"Chiarot, Ben";"D";"WPG"
"Chiasson, Alex";"RW";"CGY"
"Chimera, Jason";"LW";"NYI"
"Chlapik, Filip";"C";"OTT"
"Chorney, Taylor";"D";"WAS"
"Christoffer, Braden";"LW";"EDM"
"Chychrun, Jakob";"D";"ARI"
"Chyzyk, Bryn";"C";"CHI"
"Cirelli, Anthony";"C";"TAM"
"Cizikas, Casey";"C";"NYI"
"Claesson, Fredrik";"D";"OTT"
"Clague, Kale";"D";"LAK"
"Clarkson, David";"RW";"CBS"
"Cleary, Daniel";"RW";"DET"
"Clemmensen, Scott";"G";"NJD"
"Clendening, Adam";"D";"NYR"
"Cliche, Marc-Andre";"RW";"TOR"
"Clifford, Kyle";"LW";"LAK"
"Clowe, Ryane";"LW";"NJD"
"Clune, Rich";"LW";"TOR"
"Clutterbuck, Cal";"RW";"NYI"
"Coburn, Braydon";"D";"TAM"
"Cogliano, Andrew";"C";"ANA"
"Colborne, Joe";"C";"COL"
"Cole, Ian";"D";"PIT"
"Coleman, Blake";"C";"NJD"
"Collins, Sean";"C";"WAS"
"Comeau, Blake";"LW";"COL"
"Compher, J.T.";"LW";"COL"
"Comrie, Eric";"G";"WPG"
"Conacher, Cory";"LW";"TAM"
"Condon, Mike";"G";"MTL"
"Condra, Erik";"RW";"TAM"
"Connauton, Kevin";"D";"ARI"
"Conner, Chris";"RW";"PHI"
"Connolly, Brett";"RW";"WAS"
"Connor, Kyle";"LW";"WPG"
"Copley, Pheonix";"G";"STL"
"Copp, Andrew";"C";"WPG"
"Coreau, Jared";"G";"DET"
"Cormier, Patrice";"C";"WPG"
"Cornel, Eric";"C";"BUF"
"Corrado, Frank";"D";"TOR"
"Cousins, Nick";"C";"PHI"
"Couture, Logan";"C";"SJS"
"Couturier, Sean";"C";"PHI"
"Coyle, Charlie";"C";"MIN"
"Cracknell, Adam";"RW";"DAL"
"Craig, Ryan";"C";"CBS"
"Cramarossa, Joseph";"C";"ANA"
"Crawford, Corey";"G";"CHI"
"Crescenzi, Andrew";"LW";"LAK"
"Criscuolo, Kyle";"C";"DET"
"Crosby, Sidney";"C";"PIT"
"Cross, Tommy";"D";"BOS"
"Crouse, Lawson";"LW";"ARI"
"Culkin, Ryan";"D";"CGY"
"Cullen, Matt";"C";"PIT"
"Cumiskey, Kyle";"D";"CHI"
"Cunningham, Craig";"LW";"ARI"
"Currie, Josh";"RW";"EDM"
"Czarnik, Austin";"C";"BOS"
"Czuczman, Kevin";"D";"WPG"
"D'Aoust, Alexis";"RW";"VAN"
"Dahlbeck, Klas";"D";"ARI"
"Dahlstrom, Carl";"D";"CHI"
"Dal Colle, Michael";"LW";"NYI"
"Daley, Trevor";"D";"PIT"
"Dalpe, Zac";"C";"MIN"
"Danault, Phillip";"LW";"MTL"
"Danis, Yann";"G";"ANA"
"Dano, Marko";"C";"WPG"
"Darling, Scott";"G";"CHI"
"Dauphin, Laurent";"C";"ARI"
"Davidson, Brandon";"D";"EDM"
"De La Rose, Jacob";"LW";"MTL"
"De Leo, Chase";"C";"WPG"
"DeAngelo, Tony";"D";"ARI"
"DeBrincat, Alex";"RW";"CHI"
"DeBrusk, Jake";"LW";"BOS"
"DeFazio, Brandon";"LW";"DAL"
"DeKeyser, Danny";"D";"DET"
"DeMelo, Dylan";"D";"SJS"
"DeSmith, Casey";"G";"PIT"
"DeSousa, Chris";"C";"CHI"
"Dea, Jean-Sabastien";"C";"PIT"
"Dekanich, Mark";"G";"PHI"
"Del Zotto, Michael";"D";"PHI"
"Dell, Aaron";"G";"SJS"
"Demers, Jason";"D";"FLA"
"Demko, Thatcher";"G";"VAN"
"Dermott, Travis";"D";"TOR"
"Descheneau, Jaedon";"D";"EDM"
"Desharnais, David";"C";"MTL"
"Desjardins, Andrew";"C";"CHI"
"Desjardins, Cedrick";"G";"NYR"
"Deslauriers, Nicolas";"LW";"BUF"
"Despres, Simon";"D";"ANA"
"Desrosiers, Philippe";"G";"DAL"
"Devane, Jamie";"LW";"CGY"
"Di Giuseppe, Phil";"LW";"CAR"
"Di Pauli, Thomas";"C";"PIT"
"Diaby, Jonathan-Ismael";"D";"NSH"
"Dickinson, Jason";"C";"DAL"
"Dietz, Darren";"D";"WAS"
"Dillon, Brenden";"D";"SJS"
"Djoos, Christian";"D";"WAS"
"Doan, Shane";"RW";"ARI"
"Domi, Max";"C";"ARI"
"Domingue, Louis";"G";"ARI"
"Donovan, Matt";"D";"BUF"
"Donskoi, Joonas";"RW";"SJS"
"Dorsett, Derek";"RW";"VAN"
"Dotchin, Jake";"D";"TAM"
"Doty, Jacob";"C";"STL"
"Dougherty, Jack";"D";"NSH"
"Doughty, Drew";"D";"LAK"
"Dove-Mcfalls, Samuel";"LW";"PHI"
"Dowd, Nic";"C";"LAK"
"Dowell, Jake";"C";"CHI"
"Dowling, Justin";"C";"DAL"
"Downie, Steve";"RW";"ARI"
"Downing, Grayson";"C";"MIN"
"Downing, Michael";"D";"FLA"
"Draisaitl, Leon";"C";"EDM"
"Driedger, Chris";"G";"OTT"
"Drouin, Jonathan";"LW";"TAM"
"Dube, Dillon";"C";"CGY"
"Dubinsky, Brandon";"C";"CBS"
"Dubnyk, Devan";"G";"MIN"
"Dubois, Pierre-Luc";"LW";"CBS"
"Duchene, Matt";"C";"COL"
"Duclair, Anthony";"LW";"ARI"
"Dumba, Matt";"D";"MIN"
"Dumont, Gabriel";"C";"TAM"
"Dumoulin, Brian";"D";"PIT"
"Dupuis, Pascal";"RW";"PIT"
"Dupuy, Jean";"LW";"BUF"
"Dvorak, Christian";"LW";"ARI"
"Dwyer, Patrick";"RW";"CBS"
"Dzingel, Ryan";"C";"OTT"
"Dziurzynski, David";"LW";"OTT"
"de Haan, Calvin";"D";"NYI"
"Eakin, Cody";"C";"DAL"
"Eaves, Patrick";"RW";"DAL"
"Eberle, Jordan";"RW";"EDM"
"Ebert, Nick";"D";"DAL"
"Edler, Alexander";"D";"VAN"
"Edmundson, Joel";"D";"STL"
"Ehlers, Nikolaj";"LW";"WPG"
"Eichel, Jack";"C";"BUF"
"Eisenschmid, Markus";"C";"MTL"
"Ekblad, Aaron";"D";"FLA"
"Ekholm, Mattias";"D";"NSH"
"Ekman-Larsson, Oliver";"D";"ARI"
"Elie, Remi";"LW";"DAL"
"Eller, Lars";"C";"WAS"
"Elliott, Brian";"G";"CGY"
"Elliott, Stefan";"D";"NSH"
"Ellis, Morgan";"D";"STL"
"Ellis, Nick";"G";"EDM"
"Ellis, Ryan";"D";"NSH"
"Elson, Turner";"LW";"COL"
"Emelin, Alexei";"D";"MTL"
"Emery, Ray";"G";"PHI"
"Engelland, Deryk";"D";"CGY"
"Englund, Andreas";"D";"OTT"
"Ennis, Tyler";"LW";"BUF"
"Enroth, Jhonas";"G";"TOR"
"Enstrom, Toby";"D";"WPG"
"Ericsson, Jonathan";"D";"DET"
"Eriksson Ek, Joel";"C";"MIN"
"Eriksson, Loui";"LW";"VAN"
"Erixon, Tim";"D";"PIT"
"Erne, Adam";"LW";"TAM"
"Estephan, Giorgio";"C";"BUF"
"Etem, Emerson";"RW";"VAN"
"Everberg, Dennis";"RW";"COL"
"Fabbri, Robby";"C";"STL"
"Faksa, Radek";"C";"DAL"
"Falk, Justin";"D";"BUF"
"Farnham, Bobby";"RW";"MTL"
"Fasching, Hudson";"RW";"BUF"
"Fast, Jesper";"RW";"NYR"
"Faulk, Justin";"D";"CAR"
"Fayne, Mark";"D";"EDM"
"Fazleev, Radel";"C";"PHI"
"Fedun, Taylor";"D";"BUF"
"Fehr, Eric";"RW";"PIT"
"Fenton, Thomas";"G";"ARI"
"Ference, Andrew";"D";"EDM"
"Ferland, Micheal";"LW";"CGY"
"Ferlin, Brian";"RW";"BOS"
"Ferraro, Landon";"C";"STL"
"Fiala, Kevin";"C";"NSH"
"Fiddler, Vernon";"C";"NJD"
"Filppula, Valtteri";"C";"TAM"
"Finn, Matthew";"D";"NYI"
"Fischer, Christian";"RW";"ARI"
"Fisher, Mike";"C";"NSH"
"Fitzpatrick, Evan";"G";"STL"
"Fleischmann, Tomas";"LW";"MIN"
"Fleury, Marc-Andre";"G";"PIT"
"Flynn, Brian";"RW";"MTL"
"Foegele, Warren";"LW";"CAR"
"Foligno, Marcus";"LW";"BUF"
"Foligno, Nick";"LW";"CBS"
"Folin, Christian";"D";"MIN"
"Fontaine, Justin";"RW";"FLA"
"Forbort, Derek";"D";"LAK"
"Forsberg, Anton";"G";"CBS"
"Forsberg, Filip";"C";"NSH"
"Forsling, Gustav";"D";"CHI"
"Forsling, Gustav";"D";"CHI"
"Fortin, Alexandre";"C";"CHI"
"Fournier, Dillon";"D";"CHI"
"Fournier, Stefan";"RW";"ARI"
"Fowler, Cam";"D";"ANA"
"Franson, Cody";"D";"BUF"
"Franzen, Johan";"LW";"DET"
"Fraser, Mark";"D";"EDM"
"Frattin, Matt";"RW";"CGY"
"Friberg, Max";"LW";"ANA"
"Friberg, Max";"LW";"MTL"
"Friesen, Alex";"C";"STL"
"Fritz, Tanner";"C";"NYI"
"Frk, Martin";"RW";"DET"
"Froese, Byron";"C";"TOR"
"Frolik, Michael";"RW";"CGY"
"Fucale, Zachary";"G";"MTL"
"Gaborik, Marian";"RW";"LAK"
"Gabriel, Kurtis";"RW";"MIN"
"Gabrielle, Jesse";"LW";"BOS"
"Gagne, Gabriel";"RW";"OTT"
"Gagner, Sam";"C";"CBS"
"Galchenyuk, Alex";"C";"MTL"
"Galiardi, T.J.";"LW";"STL"
"Galiev, Stanislav";"RW";"WAS"
"Gallagher, Brendan";"RW";"MTL"
"Gallant, Brett";"LW";"CBS"
"Garbutt, Ryan";"LW";"ANA"
"Gardiner, Jake";"D";"TOR"
"Garland, Conor";"RW";"ARI"
"Garrison, Jason";"D";"TAM"
"Garteig, Michael";"G";"VAN"
"Gaudet, Tyler";"C";"ARI"
"Gaudreau, Frederick";"C";"NSH"
"Gaudreau, Johnny";"LW";"CGY"
"Gaunce, Brendan";"C";"VAN"
"Gaunce, Cameron";"D";"PIT"
"Gauthier, Frederik";"C";"TOR"
"Gauthier, Julien";"RW";"CAR"
"Gawdin, Glenn";"C";"STL"
"Gazdic, Luke";"LW";"NJD"
"Gelinas, Eric";"D";"COL"
"Gennaro, Matteo";"C";"WPG"
"Gerbe, Nathan";"LW";"NYR"
"Gernat, Martin";"D";"ANA"
"Getzlaf, Ryan";"C";"ANA"
"Gibbons, Brian";"C";"NJD"
"Gibson, Christopher";"G";"NYI"
"Gibson, John";"G";"ANA"
"Gignac, Brandon";"C";"NJD"
"Gilbert, Tom";"D";"LAK"
"Gill, Sahir";"C";"PIT"
"Gillies, Jon";"G";"CGY"
"Gilmour, John";"D";"NYR"
"Gionta, Brian";"RW";"BUF"
"Gionta, Stephen";"RW";"NYI"
"Giordano, Mark";"D";"CGY"
"Girard, Felix";"C";"NSH"
"Girard, Samuel";"D";"NSH"
"Girardi, Dan";"D";"NYR"
"Girgensons, Zemgus";"C";"BUF"
"Giroux, Claude";"C";"PHI"
"Glass, Tanner";"LW";"NYR"
"Glendening, Luke";"C";"DET"
"Goldobin, Nikolay";"RW";"SJS"
"Goligoski, Alex";"D";"ARI"
"Goloubef, Cody";"D";"CBS"
"Goodrow, Barclay";"LW";"SJS"
"Gordon, Boyd";"C";"PHI"
"Gorges, Josh";"D";"BUF"
"Gormley, Brandon";"D";"NJD"
"Gortz, Max";"RW";"NSH"
"Gostisbehere, Shayne";"D";"PHI"
"Goulbourne, Tyrell";"LW";"PHI"
"Gourde, Yanni";"LW";"TAM"
"Grabner, Michael";"RW";"NYR"
"Grabovski, Mikhail";"C";"NYI"
"Gragnani, Marc-Andre";"D";"NJD"
"Graham, Jesse";"D";"NYI"
"Granberg, Petter";"D";"NSH"
"Granlund, Markus";"C";"VAN"
"Granlund, Mikael";"C";"MIN"
"Grant, Alex";"D";"BOS"
"Grant, Derek";"C";"BUF"
"Graovac, Tyler";"C";"MIN"
"Gravel, Kevin";"D";"LAK"
"Graves, Ryan";"D";"NYR"
"Greco, Anthony";"RW";"FLA"
"Green, Luke";"D";"WPG"
"Green, Mike";"D";"DET"
"Greene, Andy";"D";"NJD"
"Greene, Matt";"D";"LAK"
"Greening, Colin";"LW";"TOR"
"Greer, A.J.";"LW";"COL"
"Gregoire, Jeremy";"C";"MTL"
"Greiss, Thomas";"G";"NYI"
"Grenier, Alex";"RW";"VAN"
"Griffith, Seth";"C";"BOS"
"Grigorenko, Mikhail";"C";"COL"
"Grimaldi, Rocco";"C";"COL"
"Grosenick, Troy";"G";"SJS"
"Grossmann, Nicklas";"D";"CGY"
"Grubauer, Philipp";"G";"WAS"
"Gryba, Eric";"D";"EDM"
"Grzelcyk, Matthew";"D";"BOS"
"Gudas, Radko";"D";"PHI"
"Gudbranson, Erik";"D";"VAN"
"Gudlevskis, Kristers";"G";"TAM"
"Guenin, Nate";"D";"ANA"
"Guentzel, Jake";"C";"PIT"
"Guhle, Brendan";"D";"BUF"
"Gunnarsson, Carl";"D";"STL"
"Gunnarsson, Jonas";"G";"NSH"
"Gurianov, Denis";"RW";"DAL"
"Gustafsson, Erik";"D";"CHI"
"Gustavsson, Filip";"G";"PIT"
"Gustavsson, Jonas";"G";"EDM"
"Hache, Justin";"D";"ARI"
"Hackett, Matt";"G";"ANA"
"Hagel, Marc";"RW";"MIN"
"Hagelin, Carl";"LW";"PIT"
"Hagg, Robert";"D";"PHI"
"Haggerty, Ryan";"RW";"PIT"
"Hainsey, Ron";"D";"CAR"
"Hajek, Libor";"D";"TAM"
"Hakanpaa, Jani";"D";"STL"
"Halak, Jaroslav";"G";"NYI"
"Haley, Micheal";"C";"SJS"
"Hall, Taylor";"LW";"NJD"
"Halmo, Mike";"LW";"TAM"
"Hamhuis, Dan";"D";"DAL"
"Hamilton, Dougie";"D";"CGY"
"Hamilton, Freddie";"C";"CGY"
"Hamilton, Ryan";"LW";"EDM"
"Hamilton, Wacey";"RW";"VAN"
"Hammond, Andrew";"G";"OTT"
"Hamonic, Travis";"D";"NYI"
"Hanifin, Noah";"D";"CAR"
"Hanley, Joel";"D";"MTL"
"Hannikainen, Markus";"LW";"CBS"
"Hansen, Jannik";"RW";"VAN"
"Hanzal, Martin";"C";"ARI"
"Hargrove, Colton";"LW";"BOS"
"Harkins, Jansen";"C";"WPG"
"Harper, Shane";"RW";"FLA"
"Harpur, Ben";"D";"OTT"
"Harrington, Scott";"D";"CBS"
"Hart, Carter";"G";"PHI"
"Hartman, Ryan";"RW";"CHI"
"Hartnell, Scott";"LW";"CBS"
"Hathaway, Garnet";"RW";"CGY"
"Haula, Erik";"LW";"MIN"
"Hawryluk, Jayce";"C";"FLA"
"Hayes, Jimmy";"RW";"BOS"
"Hayes, Kevin";"RW";"NYR"
"Heatherington, Dillon";"D";"CBS"
"Hedman, Victor";"D";"TAM"
"Heeter, Cal";"G";"DET"
"Heinen, Danton";"C";"BOS"
"Helgesen, Kenton";"D";"ANA"
"Helgeson, Seth";"D";"NJD"
"Hellberg, Magnus";"G";"NYR"
"Hellebuyck, Connor";"G";"WPG"
"Helm, Darren";"C";"DET"
"Hemsky, Ales";"RW";"DAL"
"Hendricks, Matt";"C";"EDM"
"Henley, Samuel";"C";"COL"
"Henrique, Adam";"C";"NJD"
"Hertl, Tomas";"C";"SJS"
"Hicketts, Joe";"D";"DET"
"Hickey, Thomas";"D";"NYI"
"Hickman, Justin";"RW";"BOS"
"Higgins, Chris";"LW";"CGY"
"Hildebrand, Jake";"G";"CHI"
"Hill, Adin";"G";"ARI"
"Hinostroza, Vincent";"C";"CHI"
"Hjalmarsson, Niklas";"D";"CHI"
"Ho-Sang, Josh";"RW";"NYI"
"Hobbs, Connor";"D";"WAS"
"Hodges, Steven";"C";"FLA"
"Hodgson, Cody";"C";"NSH"
"Hoffman, Mike";"LW";"OTT"
"Holden, Nick";"D";"NYR"
"Holl, Justin";"D";"TOR"
"Holland, Peter";"C";"TOR"
"Holloway, Bud";"C";"MTL"
"Holmstrom, Ben";"C";"NYI"
"Holtby, Braden";"G";"WAS"
"Holzer, Korbinian";"D";"ANA"
"Honka, Julius";"D";"DAL"
"Hornqvist, Patric";"RW";"PIT"
"Horton, Nathan";"RW";"TOR"
"Horvat, Bo";"C";"VAN"
"Horvat, Ryan";"C";"FLA"
"Hossa, Marian";"RW";"CHI"
"Houser, Michael";"G";"CBS"
"Howard, Jimmy";"G";"DET"
"Howden, Brett";"C";"TAM"
"Howden, Quinton";"C";"WPG"
"Hrabarenka, Raman";"D";"TOR"
"Hrivik, Marek";"LW";"NYR"
"Hronek, Filip";"D";"DET"
"Huberdeau, Jonathan";"C";"FLA"
"Hudler, Jiri";"LW";"DAL"
"Hudon, Charles";"LW";"MTL"
"Hultstrom, Linus";"D";"FLA"
"Hunt, Brad";"D";"STL"
"Hunt, Dryden";"LW";"FLA"
"Hunwick, Matt";"D";"TOR"
"Husso, Ville";"G";"STL"
"Hutchinson, Michael";"G";"WPG"
"Hutton, Ben";"D";"VAN"
"Hutton, Carter";"G";"STL"
"Hyman, Zach";"C";"TOR"
"Iginla, Jarome";"RW";"COL"
"Ikonen, Henri";"LW";"TAM"
"Imama, Bokondji";"LW";"TAM"
"Irving, Leland";"G";"PIT"
"Irwin, Matt";"D";"NSH"
"Jackman, Tim";"RW";"CHI"
"Jacobs, Joshua";"D";"NJD"
"Jagr, Jaromir";"RW";"FLA"
"Jankowski, Mark";"C";"CGY"
"Janmark, Mattias";"C";"DAL"
"Jarnkrok, Calle";"C";"NSH"
"Jarry, Tristan";"G";"PIT"
"Jaskin, Dmitrij";"RW";"STL"
"Jeffrey, Dustin";"C";"PIT"
"Jenner, Boone";"C";"CBS"
"Jensen, Nicklas";"LW";"NYR"
"Jensen, Nick";"D";"DET"
"Johansen, Lucas";"D";"WAS"
"Johansen, Ryan";"C";"NSH"
"Johansson, Lars";"G";"CHI"
"Johansson, Marcus";"C";"WAS"
"Johns, Stephen";"D";"DAL"
"Johnson, Chad";"G";"CGY"
"Johnson, Erik";"D";"COL"
"Johnson, Jack";"D";"CBS"
"Johnson, Luke";"C";"CHI"
"Johnson, Tyler";"C";"TAM"
"Johnsson, Andreas";"LW";"TOR"
"Johnston, Ross";"LW";"NYI"
"Johnston, Ryan";"D";"MTL"
"Jokinen, Jussi";"LW";"FLA"
"Jokipakka, Jyrki";"D";"CGY"
"Jones, Caleb";"D";"EDM"
"Jones, David";"RW";"ANA"
"Jones, Martin";"G";"SJS"
"Jones, Max";"LW";"ANA"
"Jones, Seth";"D";"CBS"
"Jooris, Josh";"C";"NYR"
"Josefson, Jacob";"C";"NJD"
"Joseph, Mathieu";"RW";"TAM"
"Josi, Roman";"D";"NSH"
"Juolevi, Olli";"D";"VAN"
"Jurco, Tomas";"RW";"DET"
"Juulsen, Noah";"D";"MTL"
"Kadri, Nazem";"C";"TOR"
"Kalinin, Sergey";"RW";"NJD"
"Kamenev, Vladislav";"LW";"NSH"
"Kampfer, Steven";"D";"FLA"
"Kane, Evander";"LW";"BUF"
"Kane, Patrick";"RW";"CHI"
"Kanzig, Keegan";"D";"CGY"
"Kapanen, Kasperi";"RW";"TOR"
"Karlsson, Erik";"C";"CAR"
"Karlsson, Erik";"D";"OTT"
"Karlsson, Henrik";"G";"SJS"
"Karlsson, Melker";"RW";"SJS"
"Karlsson, William";"C";"CBS"
"Kasdorf, Jason";"G";"BUF"
"Kasdorf, Jason";"G";"BUF"
"Kaskisuo, Kasimir";"G";"TOR"
"Kassian, Zack";"RW";"EDM"
"Katchouk, Boris";"LW";"TAM"
"Kearns, Bracken";"C";"NYI"
"Keith, Duncan";"D";"CHI"
"Kelly, Chris";"C";"OTT"
"Kempe, Adrian";"RW";"LAK"
"Kempny, Michal";"D";"CHI"
"Kemppainen, Joonas";"LW";"BOS"
"Keranen, Michael";"LW";"OTT"
"Kero, Tanner";"C";"CHI"
"Kesler, Ryan";"C";"ANA"
"Kessel, Phil";"RW";"PIT"
"Khaira, Jujhar";"LW";"EDM"
"Khokhlachev, Alexander";"C";"BOS"
"Khudobin, Anton";"G";"BOS"
"Kichton, Brenden";"D";"WPG"
"Killorn, Alex";"C";"TAM"
"Kindl, Jakub";"D";"FLA"
"King, Dwight";"LW";"LAK"
"Kinkaid, Keith";"G";"NJD"
"Kirkland, Justin";"LW";"NSH"
"Klefbom, Oscar";"D";"EDM"
"Klein, Kevin";"D";"NYR"
"Klimchuk, Morgan";"LW";"CGY"
"Klingberg, John";"D";"DAL"
"Klinkhammer, Rob";"LW";"EDM"
"Knight, Corban";"C";"PHI"
"Knott, Graham";"LW";"CHI"
"Koekkoek, Slater";"D";"TAM"
"Koivu, Mikko";"C";"MIN"
"Komarov, Leo";"C";"TOR"
"Konan, Matthew";"D";"PHI"
"Konecny, Travis";"C";"PHI"
"Kopitar, Anze";"C";"LAK"
"Korpikoski, Lauri";"LW";"CGY"
"Korpisalo, Joonas";"G";"CBS"
"Kosmachuk, Scott";"RW";"WPG"
"Kossila, Kalle";"C";"ANA"
"Kostalek, Jan";"D";"WPG"
"Kostka, Michael";"D";"OTT"
"Kostopoulos, Tom";"RW";"PIT"
"Kovacs, Robin";"RW";"NYR"
"Kreider, Chris";"LW";"NYR"
"Krejci, David";"C";"BOS"
"Kronwall, Niklas";"D";"DET"
"Krug, Torey";"D";"BOS"
"Kruger, Marcus";"C";"CHI"
"Kucherov, Nikita";"RW";"TAM"
"Kuemper, Darcy";"G";"MIN"
"Kuhnhackl, Tom";"RW";"PIT"
"Kujawinski, Ryan";"C";"NJD"
"Kukan, Dean";"D";"CBS"
"Kulak, Brett";"D";"CGY"
"Kulemin, Nikolay";"LW";"NYI"
"Kulikov, Dmitry";"D";"BUF"
"Kunitz, Chris";"LW";"PIT"
"Kuokkanen, Janne";"C";"CAR"
"Kuraly, Sean";"C";"BOS"
"Kuznetsov, Evgeny";"C";"WAS"
"Kylington, Oliver";"D";"CGY"
"Kyrou, Jordan";"C";"STL"
"LaBarbera, Jason";"G";"PHI"
"Labanc, Kevin";"RW";"SJS"
"Labate, Joseph";"C";"VAN"
"Laberge, Pascal";"C";"PHI"
"Labrie, Pierre-Cedric";"LW";"CHI"
"Lack, Eddie";"G";"CAR"
"Ladd, Andrew";"LW";"NYI"
"Ladue, Paul";"D";"LAK"
"Lagace, Maxime";"G";"DAL"
"Laganiere, Antoine";"C";"ANA"
"Laich, Brooks";"C";"TOR"
"Lain, Kellan";"C";"VAN"
"Laine, Patrik";"RW";"WPG"
"Lajoie, Maxime";"D";"OTT"
"Laleggia, Joey";"D";"EDM"
"Lammikko, Juho";"RW";"FLA"
"Lander, Anton";"C";"EDM"
"Landeskog, Gabriel";"LW";"COL"
"Langhamer, Marek";"G";"ARI"
"Langlois, Jeremy";"RW";"CHI"
"Lapierre, Maxim";"C";"NYR"
"Lappin, Nick";"RW";"NJD"
"Larkin, Dylan";"C";"DET"
"Larsen, Philip";"D";"VAN"
"Larsson, Adam";"D";"EDM"
"Larsson, Jacob";"D";"ANA"
"Larsson, Johan";"LW";"BUF"
"Lashoff, Brian";"D";"DET"
"Latta, Michael";"C";"LAK"
"Laughton, Scott";"C";"PHI"
"Laurie, Rob";"G";"VAN"
"Laurikainen, Eetu";"G";"EDM"
"Lauzon, Jeremy";"D";"BOS"
"Lazar, Curtis";"RW";"OTT"
"Leddy, Nick";"D";"NYI"
"Leduc, Loic";"D";"NYI"
"Lee, Anders";"C";"NYI"
"Lehkonen, Artturi";"LW";"MTL"
"Lehner, Robin";"G";"BUF"
"Lehtera, Jori";"C";"STL"
"Lehtonen, Kari";"G";"DAL"
"Leier, Taylor";"LW";"PHI"
"Leighton, Michael";"G";"CAR"
"Leipsic, Brendan";"LW";"TOR"
"Leivo, Josh";"LW";"TOR"
"Lemieux, Brendan";"LW";"WPG"
"Lepine, Guillaume";"D";"OTT"
"Lerg, Bryan";"LW";"SJS"
"Lernout, Brett";"D";"MTL"
"Lessio, Lucas";"LW";"LAK"
"Letang, Kris";"D";"PIT"
"Letestu, Mark";"C";"EDM"
"Letourneau-Leblo, Pierre-Luc";"LW";"TAM"
"Levine, Eric";"G";"CHI"
"Lewington, Tyler";"D";"WAS"
"Lewis, Trevor";"C";"LAK"
"Liambas, Michael";"D";"NSH"
"Lieuwen, Nathan";"G";"COL"
"Liles, John-Michael";"D";"BOS"
"Lindback, Anders";"G";"NJD"
"Lindberg, Oscar";"C";"NYR"
"Lindberg, Tobias";"RW";"TOR"
"Lindblad, Matt";"C";"NYR"
"Lindbohm, Petteri";"D";"STL"
"Lindell, Esa";"D";"DAL"
"Lindgren, Charlie";"G";"MTL"
"Lindholm, Anton";"D";"COL"
"Lindholm, Elias";"C";"CAR"
"Lindholm, Hampus";"D";"ANA"
"Lintuniemi, Alex";"D";"LAK"
"Lipon, J.C.";"RW";"WPG"
"Little, Bryan";"C";"WPG"
"Llewellyn, Darby";"LW";"CBS"
"LoVerde, Vincent";"D";"LAK"
"Lodge, James";"C";"WPG"
"Lomberg, Ryan";"LW";"CGY"
"Loov, Viktor";"D";"TOR"
"Lorito, Matt";"LW";"DET"
"Lovejoy, Ben";"D";"NJD"
"Lowe, Keegan";"D";"CAR"
"Lowry, Adam";"LW";"WPG"
"Lowry, Joel";"LW";"LAK"
"Lucia, Mario";"LW";"MIN"
"Lucic, Milan";"LW";"EDM"
"Lundberg, Martin";"LW";"CHI"
"Lundqvist, Henrik";"G";"NYR"
"Luongo, Roberto";"G";"FLA"
"Lupul, Joffrey";"RW";"TOR"
"Lynch, Zac";"RW";"FLA"
"Lyon, Alex";"G";"PHI"
"Lyubimov, Roman";"C";"PHI"
"Maatta, Olli";"D";"PIT"
"MacArthur, Clarke";"LW";"OTT"
"MacAulay, Stephen";"LW";"FLA"
"MacDermid, Kurtis";"D";"LAK"
"MacDonald, Andrew";"D";"PHI"
"MacEachern, Mackenzie";"LW";"STL"
"MacInnis, Ryan";"C";"ARI"
"MacIntyre, Drew";"G";"WAS"
"MacKenzie, Derek";"C";"FLA"
"MacKinnon, Nathan";"C";"COL"
"MacMillan, Mark";"C";"MTL"
"MacWilliam, Andrew";"D";"NJD"
"Mahura, Josh";"D";"ANA"
"Malgin, Denis";"C";"FLA"
"Malkin, Evgeni";"C";"PIT"
"Mallet, Alexandre";"LW";"VAN"
"Malone, Brad";"C";"WAS"
"Mangiapane, Andrew";"LW";"CGY"
"Manning, Brandon";"D";"PHI"
"Manson, Josh";"D";"ANA"
"Mantha, Anthony";"RW";"DET"
"Marchand, Brad";"LW";"BOS"
"Marchenko, Alexei";"D";"DET"
"Marchessault, Jonathan";"C";"FLA"
"Marincin, Martin";"D";"TOR"
"Markison, Colin";"RW";"NYI"
"Markov, Andrei";"D";"MTL"
"Markstrom, Jacob";"G";"VAN"
"Marleau, Patrick";"C";"SJS"
"Marner, Mitchell";"C";"TOR"
"Maroon, Patrick";"LW";"EDM"
"Martel, Danick";"C";"PHI"
"Marti, Christian";"D";"PHI"
"Martin, Matt";"LW";"TOR"
"Martin, Paul";"D";"SJS"
"Martinez, Alec";"D";"LAK"
"Martinook, Jordan";"LW";"ARI"
"Martinsen, Andreas";"C";"COL"
"Mascherin, Adam";"LW";"FLA"
"Mashinter, Brandon";"LW";"CHI"
"Mason, Steve";"G";"PHI"
"Matheson, Michael";"D";"FLA"
"Matteau, Stefan";"C";"MTL"
"Matthews, Auston";"C";"TOR"
"Matthias, Shawn";"C";"WPG"
"Mattson, Nick";"D";"CHI"
"Mayfield, Scott";"D";"NYI"
"Mayo, Dysin";"D";"ARI"
"Mazanec, Marek";"G";"NSH"
"McAdam, Eamon";"G";"NYI"
"McBain, Jamie";"D";"ARI"
"McCabe, Jake";"D";"BUF"
"McCann, Jared";"C";"FLA"
"McCarron, Michael";"RW";"MTL"
"McCarthy, John";"LW";"SJS"
"McClement, Jay";"C";"CAR"
"McCollum, Tom";"G";"LAK"
"McCormick, Max";"LW";"OTT"
"McCoshen, Ian";"D";"FLA"
"McDavid, Connor";"C";"EDM"
"McDonagh, Ryan";"D";"NYR"
"McDonald, Colin";"RW";"PHI"
"McDonald, Mason";"G";"CGY"
"McElhinney, Curtis";"G";"CBS"
"McFarland, John";"LW";"FLA"
"McGinn, Brock";"LW";"CAR"
"McGinn, Jamie";"LW";"ARI"
"McGinn, Tye";"LW";"TAM"
"McIlrath, Dylan";"D";"NYR"
"McIntyre, Zane";"G";"BOS"
"McKegg, Gregg";"C";"FLA"
"McKenna, Mike";"G";"FLA"
"McKenzie, Curtis";"LW";"DAL"
"McKeown, Roland";"D";"CAR"
"McLeod, Cody";"LW";"COL"
"McLeod, Michael";"C";"NJD"
"McNabb, Brayden";"D";"LAK"
"McNeill, Mark";"C";"CHI"
"McNeill, Reid";"D";"PIT"
"McQuaid, Adam";"D";"BOS"
"Megna, Jaycob";"D";"ANA"
"Megna, Jayson";"RW";"VAN"
"Melchiori, Julian";"D";"WPG"
"Meloche, Nicolas";"D";"COL"
"Merkley, Nicholas";"RW";"ARI"
"Mermis, Dakota";"D";"ARI"
"Merrill, Jon";"D";"NJD"
"Mersch, Michael";"LW";"LAK"
"Methot, Marc";"D";"OTT"
"Michalek, Milan";"LW";"TOR"
"Michalek, Steve";"G";"MIN"
"Michalek, Zbynek";"D";"ARI"
"Miele, Andy";"C";"PHI"
"Milano, Sonny";"LW";"CBS"
"Miller, Andrew";"RW";"CAR"
"Miller, Colin";"D";"BOS"
"Miller, Drew";"LW";"DET"
"Miller, J.T.";"C";"NYR"
"Miller, Kevan";"D";"BOS"
"Miller, Ryan";"G";"VAN"
"Mingoia, Trevor";"RW";"CHI"
"Mitchell, Garrett";"RW";"WAS"
"Mitchell, John";"C";"COL"
"Mitchell, Torrey";"C";"MTL"
"Mitchell, Zack";"RW";"MIN"
"Monahan, Sean";"C";"CGY"
"Montembeault, Samuel";"G";"FLA"
"Montour, Brandon";"D";"ANA"
"Montoya, Al";"G";"MTL"
"Moore, Dominic";"C";"BOS"
"Moore, John";"D";"NJD"
"Moore, Trevor";"LW";"TOR"
"Morin, Jeremy";"LW";"TAM"
"Morin, Samuel";"D";"PHI"
"Morley, Tyler";"C";"ANA"
"Moroz, Mitchell";"LW";"EDM"
"Morrison, Kenney";"D";"CGY"
"Morrissey, Josh";"D";"WPG"
"Morrow, Joe";"D";"BOS"
"Mosey, Evan";"RW";"CHI"
"Motte, Tyler";"C";"CHI"
"Moulson, Matt";"LW";"BUF"
"Moutrey, Nick";"C";"CBS"
"Mozik, Vojtech";"D";"NJD"
"Mrazek, Petr";"G";"DET"
"Mueller, Chris";"RW";"ARI"
"Mueller, Mirco";"D";"SJS"
"Mueller, Peter";"RW";"BOS"
"Murphy, Connor";"D";"ARI"
"Murphy, Matt";"D";"WPG"
"Murphy, Ryan";"D";"CAR"
"Murphy, Trevor";"D";"NSH"
"Murray, Matt";"G";"PIT"
"Murray, Ryan";"D";"CBS"
"Musil, Adam";"C";"STL"
"Musil, David";"D";"EDM"
"Muzzin, Jake";"D";"LAK"
"Myers, Philippe";"RW";"PHI"
"Myers, Tyler";"D";"WPG"
"Namestnikov, Vladislav";"C";"TAM"
"Nantel, Julien";"C";"COL"
"Nash, Rick";"LW";"NYR"
"Nash, Riley";"C";"BOS"
"Nastasiuk, Zach";"RW";"DET"
"Nattinen, Julius";"C";"ANA"
"Neal, James";"LW";"NSH"
"Nedeljkovic, Alex";"G";"CAR"
"Nehring, Chad";"C";"OTT"
"Neil, Chris";"RW";"OTT"
"Nelson, Brock";"C";"NYI"
"Nelson, Casey";"D";"BUF"
"Nemeth, Patrik";"D";"DAL"
"Ness, Aaron";"D";"WAS"
"Nesterov, Nikita";"D";"TAM"
"Nestrasil, Andrej";"RW";"CAR"
"Neuvirth, Michal";"G";"PHI"
"Nichushkin, Valeri";"RW";"DAL"
"Niederreiter, Nino";"RW";"MIN"
"Nielsen, Andrew";"D";"TOR"
"Nielsen, Frans";"C";"DET"
"Niemelainen, Markus";"D";"EDM"
"Niemi, Antti";"G";"DAL"
"Nieto, Matt";"LW";"SJS"
"Nilsson, Anders";"G";"BUF"
"Niskanen, Matt";"D";"WAS"
"Noesen, Stefan";"RW";"ANA"
"Nogier, Nelson";"D";"WPG"
"Nolan, Jordan";"C";"LAK"
"Nordstrom, Joakim";"C";"CAR"
"Norell, Robin";"D";"CHI"
"Nosek, Tomas";"C";"DET"
"Nugent-Hopkins, Ryan";"C";"EDM"
"Nurse, Darnell";"D";"EDM"
"Nutivaara, Markus";"D";"CBS"
"Nylander, Alexander";"LW";"BUF"
"Nylander, William";"RW";"TOR"
"Nyquist, Gustav";"C";"DET"
"Nystrom, Eric";"LW";"STL"
"O'Brien, Jim";"C";"COL"
"O'Brien, Liam";"LW";"WAS"
"O'Brien, Shane";"D";"ANA"
"O'Connor, Matt";"G";"OTT"
"O'Gara, Rob";"D";"BOS"
"O'Neill, Brian";"C";"NJD"
"O'Neill, Will";"D";"PHI"
"O'Regan, Daniel";"C";"SJS"
"O'Reilly, Cal";"C";"BUF"
"O'Reilly, Ryan";"C";"BUF"
"Oduya, Johnny";"D";"DAL"
"Oesterle, Jordan";"D";"EDM"
"Okposo, Kyle";"RW";"BUF"
"Oleksiak, Jamie";"D";"DAL"
"Oleksy, Steven";"D";"PIT"
"Oligny, Jimmy";"D";"NSH"
"Olofsson, Gustav";"D";"MIN"
"Olsen, Dylan";"D";"FLA"
"Olsen, Ryan";"C";"WPG"
"Olver, Mark";"C";"ARI"
"Orlov, Dmitry";"D";"WAS"
"Orpik, Brooks";"D";"WAS"
"Oshie, T.J.";"RW";"WAS"
"Ott, Steve";"C";"DET"
"Ouellet, Xavier";"D";"DET"
"Ouellette, Martin";"G";"PHI"
"Ovechkin, Alex";"LW";"WAS"
"Paajarvi, Magnus";"LW";"STL"
"Pacioretty, Max";"LW";"MTL"
"Paetsch, Nathan";"D";"DET"
"Pageau, Jean-Gabriel";"C";"OTT"
"Pakarinen, Iiro";"RW";"EDM"
"Palat, Ondrej";"LW";"TAM"
"Paliotta, Michael";"D";"NYR"
"Palmieri, Kyle";"RW";"NJD"
"Palmquist, Zach";"D";"MIN"
"Palushaj, Aaron";"RW";"CBS"
"Panarin, Artemi";"LW";"CHI"
"Panik, Richard";"RW";"CHI"
"Paquette, Cedric";"C";"TAM"
"Parayko, Colton";"D";"STL"
"Pardy, Adam";"D";"FLA"
"Parenteau, P.A.";"RW";"NYI"
"Parise, Zach";"LW";"MIN"
"Parisi, Tom";"D";"MTL"
"Parlett, Blake";"D";"FLA"
"Parsons, Tyler";"G";"CGY"
"Pasquale, Eddie";"G";"DET"
"Pastrnak, David";"LW";"BOS"
"Paterson, Jake";"G";"DET"
"Pateryn, Greg";"D";"MTL"
"Paul, Nick";"LW";"OTT"
"Pavelec, Ondrej";"G";"WPG"
"Pavelski, Joe";"C";"SJS"
"Payerl, Adam";"C";"NSH"
"Pearson, Tanner";"LW";"LAK"
"Peca, Matthew";"C";"TAM"
"Pedan, Andrey";"D";"VAN"
"Pederson, Lane";"C";"ARI"
"Pelech, Adam";"D";"NYI"
"Pelley, Rod";"C";"NJD"
"Peluso, Anthony";"RW";"WPG"
"Percy, Stuart";"D";"PIT"
"Peressini, Lucas";"G";"CBS"
"Perlini, Brendan";"LW";"ARI"
"Perreault, Mathieu";"C";"WPG"
"Perron, David";"LW";"STL"
"Perron, Francis";"LW";"OTT"
"Perry, Corey";"RW";"ANA"
"Pesce, Brett";"D";"CAR"
"Petan, Nic";"C";"WPG"
"Peters, Justin";"G";"ARI"
"Petrovic, Alex";"D";"FLA"
"Petry, Jeff";"D";"MTL"
"Pettersson, Jesper";"D";"PHI"
"Phaneuf, Dion";"D";"OTT"
"Phillips, Jamie";"G";"WPG"
"Piccinich, John";"RW";"TOR"
"Pickard, Calvin";"G";"COL"
"Pietila, Blake";"LW";"NJD"
"Pietrangelo, Alex";"D";"STL"
"Pinizzotto, Steve";"RW";"EDM"
"Pirri, Brandon";"C";"NYR"
"Piskula, Joe";"D";"ANA"
"Pitlick, Tyler";"RW";"EDM"
"Plachta, Matthias";"LW";"ARI"
"Platzer, Kyle";"C";"EDM"
"Plekanec, Tomas";"C";"MTL"
"Point, Brayden";"C";"TAM"
"Poirier, Emile";"LW";"CGY"
"Pokka, Ville";"D";"CHI"
"Polak, Roman";"D";"TOR"
"Pollock, Brett";"C";"CGY"
"Pominville, Jason";"RW";"MIN"
"Porter, Chris";"LW";"STL"
"Porter, Kevin";"C";"PIT"
"Postma, Paul";"D";"WPG"
"Poturalski, Andrew";"C";"CAR"
"Pouliot, Benoit";"LW";"EDM"
"Pouliot, Derrick";"D";"PIT"
"Price, Carey";"G";"MTL"
"Prince, Shane";"C";"NYI"
"Pronger, Chris";"D";"ARI"
"Prosser, Nate";"D";"MIN"
"Prout, Dalton";"D";"CBS"
"Provorov, Ivan";"D";"PHI"
"Prow, Ethan";"D";"PIT"
"Prust, Brandon";"RW";"TOR"
"Puempel, Matt";"LW";"OTT"
"Puljujarvi, Jesse";"RW";"EDM"
"Pulkkinen, Teemu";"LW";"DET"
"Pulock, Ryan";"D";"NYI"
"Purcell, Teddy";"RW";"LAK"
"Pyatt, Tom";"C";"OTT"
"Pysyk, Mark";"D";"FLA"
"Quenneville, David";"D";"NYI"
"Quenneville, John";"C";"NJD"
"Quick, Jonathan";"G";"LAK"
"Quincey, Kyle";"D";"NJD"
"Quine, Alan";"C";"NYI"
"Raanta, Antti";"G";"NYR"
"Racine, Jonathan";"D";"FLA"
"Raddysh, Taylor";"RW";"TAM"
"Radulov, Alexander";"RW";"MTL"
"Raffl, Michael";"LW";"PHI"
"Raffl, Thomas";"LW";"WPG"
"Rakell, Rickard";"C";"ANA"
"Ramage, John";"D";"CBS"
"Randell, Tyler";"RW";"BOS"
"Ranford, Brendan";"LW";"DAL"
"Rantanen, Mikko";"RW";"COL"
"Rask, Joonas";"C";"NSH"
"Rask, Tuukka";"G";"BOS"
"Rask, Victor";"C";"CAR"
"Rasmussen, Dennis";"LW";"CHI"
"Rattie, Ty";"RW";"STL"
"Rau, Kyle";"C";"FLA"
"Raymond, Mason";"LW";"ANA"
"Read, Matt";"RW";"PHI"
"Reaves, Ryan";"RW";"STL"
"Redmond, Zach";"D";"MTL"
"Reese, Dylan";"D";"ARI"
"Regner, Brent";"D";"FLA"
"Reilly, Mike";"D";"MIN"
"Reimer, James";"G";"FLA"
"Reinhart, Griffin";"D";"EDM"
"Reinhart, Sam";"C";"BUF"
"Rendulic, Borna";"RW";"VAN"
"Renouf, Dan";"D";"DET"
"Ribeiro, Mike";"C";"NSH"
"Richard, Anthony";"C";"NSH"
"Richard, Tanner";"C";"TAM"
"Richardson, Brad";"C";"ARI"
"Rieder, Tobias";"C";"ARI"
"Rielly, Morgan";"D";"TOR"
"Rinaldo, Zac";"C";"BOS"
"Rinne, Pekka";"G";"NSH"
"Rissanen, Rasmus";"D";"CAR"
"Ristolainen, Rasmus";"D";"BUF"
"Ritchie, Brett";"RW";"DAL"
"Ritchie, Nick";"LW";"ANA"
"Rittich, David";"G";"CGY"
"Robak, Colby";"D";"CGY"
"Robertson, Dennis";"D";"CAR"
"Robidas, Stephane";"D";"TOR"
"Robinson, Buddy";"RW";"OTT"
"Rodin, Anton";"RW";"VAN"
"Rodrigues, Evan";"RW";"BUF"
"Rooney, Kevin";"C";"NJD"
"Roslovic, Jack";"C";"WPG"
"Roussel, Antoine";"LW";"DAL"
"Rowney, Carter";"RW";"PIT"
"Roy, Jeremy";"D";"SJS"
"Roy, Kevin";"C";"ANA"
"Roy, Mathieu";"D";"TAM"
"Roy, Nicolas";"C";"CAR"
"Rozsival, Michal";"D";"CHI"
"Ruhwedel, Chad";"D";"PIT"
"Ruopp, Sam";"D";"CBS"
"Russell, Patrick";"RW";"EDM"
"Russo, Robbie";"D";"DET"
"Rust, Bryan";"RW";"PIT"
"Ruutu, Tuomo";"LW";"VAN"
"Ryan, Bobby";"RW";"OTT"
"Ryan, Derek";"C";"CAR"
"Ryan, Joakim";"D";"SJS"
"Rychel, Kerby";"LW";"TOR"
"Saad, Brandon";"LW";"CBS"
"Sadowy, Dylan";"LW";"DET"
"Salinitri, Anthony";"C";"PHI"
"Salituro, Dante";"C";"CBS"
"Sallinen, Jere";"RW";"EDM"
"Salomaki, Miikka";"RW";"NSH"
"Samuelsson, Henrik";"C";"ARI"
"Samuelsson, Philip";"D";"MTL"
"Sanford, Zachary";"LW";"WAS"
"Sanguinetti, Bobby";"D";"BUF"
"Sanheim, Travis";"D";"PHI"
"Santini, Steven";"D";"NJD"
"Santini, Steven";"D";"NJD"
"Saracino, Nick";"C";"MIN"
"Saros, Juuse";"G";"NSH"
"Sautner, Ashton";"D";"VAN"
"Savard, David";"D";"CBS"
"Savard, Marc";"C";"NJD"
"Sbisa, Luca";"D";"VAN"
"Scandella, Marco";"D";"MIN"
"Scarlett, Reece";"D";"NJD"
"Sceviour, Colton";"C";"FLA"
"Schaller, Tim";"LW";"BOS"
"Scheifele, Mark";"C";"WPG"
"Schemitsch, Thomas";"D";"FLA"
"Schempp, Kyle";"C";"NYI"
"Schenn, Brayden";"C";"PHI"
"Schenn, Luke";"D";"ARI"
"Scherbak, Nikita";"LW";"MTL"
"Schilling, Cameron";"D";"CHI"
"Schlemko, David";"D";"SJS"
"Schmaltz, Jordan";"D";"STL"
"Schmaltz, Nick";"C";"CHI"
"Schmidt, Nate";"D";"WAS"
"Schneider, Cole";"LW";"BUF"
"Schneider, Cory";"G";"NJD"
"Schroeder, Jordan";"C";"MIN"
"Schultz, Jeff";"D";"ANA"
"Schultz, Justin";"D";"PIT"
"Schultz, Nick";"D";"PHI"
"Schwartz, Jaden";"LW";"STL"
"Scott, John";"LW";"MTL"
"Scott, Justin";"C";"CBS"
"Scrivens, Ben";"G";"MTL"
"Scuderi, Rob";"D";"LAK"
"Sdao, Michael";"D";"BUF"
"Seabrook, Brent";"D";"CHI"
"Sedin, Daniel";"LW";"VAN"
"Sedin, Henrik";"C";"VAN"
"Sedlak, Lukas";"C";"CBS"
"Seeler, Nick";"D";"MIN"
"Seguin, Tyler";"C";"DAL"
"Seidenberg, Dennis";"D";"NYI"
"Sekera, Andrej";"D";"EDM"
"Selleck, Eric";"LW";"ARI"
"Semin, Alexander";"RW";"MTL"
"Senyshyn, Zachary";"RW";"BOS"
"Sergachev, Mikhail";"D";"MTL"
"Sergeyev, Dmitri";"D";"STL"
"Sestito, Tim";"C";"NJD"
"Sestito, Tom";"LW";"PIT"
"Setoguchi, Devin";"RW";"LAK"
"Severson, Damon";"D";"NJD"
"Sexton, Ben";"C";"NJD"
"Sgarbossa, Michael";"C";"ANA"
"Sharp, Patrick";"LW";"DAL"
"Shattenkirk, Kevin";"D";"STL"
"Shaw, Andrew";"C";"MTL"
"Shaw, Logan";"RW";"FLA"
"Sheahan, Riley";"C";"DET"
"Sheary, Conor";"LW";"PIT"
"Sheppard, James";"LW";"VAN"
"Shinkaruk, Hunter";"C";"CGY"
"Shore, Devin";"C";"DAL"
"Shore, Nick";"C";"LAK"
"Sideroff, Deven";"RW";"ANA"
"Siebenaler, Blake";"D";"CBS"
"Sieloff, Patrick";"D";"OTT"
"Siemens, Duncan";"D";"COL"
"Sifers, Jaime";"D";"CBS"
"Sikich, Zach";"G";"ANA"
"Silfverberg, Jakob";"LW";"ANA"
"Sill, Zach";"LW";"WAS"
"Simmonds, Wayne";"RW";"PHI"
"Simon, Dominik";"C";"PIT"
"Simpson, Dillon";"D";"EDM"
"Simpson, Kent";"G";"COL"
"Sims, Shane";"D";"NYI"
"Sislo, Mike";"RW";"COL"
"Sissons, Colby";"D";"NJD"
"Sissons, Colton";"C";"NSH"
"Skapski, Mackenzie";"G";"NYR"
"Skille, Jack";"RW";"VAN"
"Skinner, Jeff";"LW";"CAR"
"Skjei, Brady";"D";"NYR"
"Slavin, Jaccob";"D";"CAR"
"Slepyshev, Anton";"LW";"EDM"
"Smereck, Jalen";"D";"ARI"
"Smid, Ladislav";"D";"CGY"
"Smith, Ben";"RW";"COL"
"Smith, Brendan";"D";"DET"
"Smith, Colin";"C";"TOR"
"Smith, Craig";"C";"NSH"
"Smith, Gemel";"C";"DAL"
"Smith, Givani";"RW";"DET"
"Smith, Hunter";"RW";"CGY"
"Smith, Jeremy";"G";"COL"
"Smith, Mike";"G";"ARI"
"Smith, Reilly";"RW";"FLA"
"Smith, Trevor";"C";"NSH"
"Smith, Zack";"C";"OTT"
"Smith-Pelly, Devante";"RW";"NJD"
"Sobotka, Vladimir";"C";"STL"
"Soderberg, Carl";"C";"COL"
"Sorensen, Marcus";"RW";"SJS"
"Sorensen, Nick";"RW";"ANA"
"Soshnikov, Nikita";"RW";"TOR"
"Soy, Tyler";"C";"ANA"
"Spacek, Michael";"RW";"WPG"
"Sparks, Garret";"G";"TOR"
"Speers, Blake";"C";"NJD"
"Spencer, Matthew";"D";"TAM"
"Spezza, Jason";"C";"DAL"
"Spooner, Ryan";"C";"BOS"
"Sprong, Daniel";"RW";"PIT"
"Sproul, Ryan";"D";"DET"
"Spurgeon, Jared";"D";"MIN"
"Staal, Eric";"C";"MIN"
"Staal, Jordan";"C";"CAR"
"Staal, Marc";"D";"NYR"
"Stafford, Drew";"RW";"WPG"
"Stajan, Matt";"C";"CGY"
"Stalberg, Viktor";"LW";"CAR"
"Stallard, Jordy";"C";"WPG"
"Stalock, Alex";"G";"MIN"
"Stamkos, Steven";"C";"TAM"
"Stanley, Logan";"D";"WPG"
"Stanton, Ryan";"D";"COL"
"Stastny, Paul";"C";"STL"
"Stastny, Yan";"C";"STL"
"Stecher, Troy";"D";"VAN"
"Steel, Sam";"C";"ANA"
"Steen, Alexander";"LW";"STL"
"Stempniak, Lee";"RW";"CAR"
"Stepan, Derek";"C";"NYR"
"Stephenson, Chandler";"C";"WAS"
"Sterling, Brett";"LW";"STL"
"Stevens, Colin";"G";"FLA"
"Stewart, Chris";"RW";"MIN"
"Stillman, Riley";"D";"FLA"
"Stolarz, Anthony";"G";"PHI"
"Stoll, Jarret";"C";"CBS"
"Stollery, Karl";"D";"NJD"
"Stone, Mark";"RW";"OTT"
"Stone, Michael";"D";"ARI"
"Stoner, Clayton";"D";"ANA"
"Stortini, Zack";"RW";"OTT"
"Stoykewych, Peter";"D";"WPG"
"Strait, Brian";"D";"WPG"
"Straka, Petr";"RW";"PHI"
"Stralman, Anton";"D";"TAM"
"Stransky, Matej";"RW";"DAL"
"Street, Ben";"RW";"DET"
"Streit, Mark";"D";"PHI"
"Strome, Dylan";"C";"ARI"
"Strome, Ryan";"C";"NYI"
"Stromwall, Malte";"C";"NYR"
"Stuart, Mark";"D";"WPG"
"Subban, Jordan";"D";"VAN"
"Subban, Malcolm";"G";"BOS"
"Subban, P.K.";"D";"NSH"
"Summers, Chris";"D";"NYR"
"Sundher, Kevin";"C";"PHI"
"Sundqvist, Oskar";"C";"PIT"
"Sustr, Andrej";"D";"TAM"
"Suter, Ryan";"D";"MIN"
"Sutter, Brandon";"C";"VAN"
"Sutter, Brett";"C";"LAK"
"Sutter, Brody";"C";"CAR"
"Svechnikov, Evgeny";"LW";"DET"
"Svedberg, Viktor";"D";"CHI"
"Swavely, Steven";"C";"PHI"
"Talbot, Cam";"G";"EDM"
"Tallas, Robb";"G";"FLA"
"Tambellini, Adam";"C";"NYR"
"Tanev, Brandon";"LW";"WPG"
"Tanev, Chris";"D";"VAN"
"Tangradi, Eric";"LW";"DET"
"Tansey, Kevin";"D";"STL"
"Taormina, Matt";"D";"TAM"
"Tarasenko, Vladimir";"RW";"STL"
"Tarnasky, Nick";"C";"ANA"
"Tatar, Tomas";"LW";"DET"
"Tavares, John";"C";"NYI"
"Tennyson, Matt";"D";"CAR"
"Teravainen, Teuvo";"LW";"CAR"
"Terry, Chris";"LW";"MTL"
"Theodore, Shea";"D";"ANA"
"Thomas, Christian";"RW";"WAS"
"Thompson, Nate";"C";"ANA"
"Thompson, Paul";"LW";"FLA"
"Thomson, Ben";"LW";"NJD"
"Thorburn, Chris";"RW";"WPG"
"Thornton, Joe";"C";"SJS"
"Thornton, Shawn";"RW";"FLA"
"Tierney, Chris";"C";"SJS"
"Tinordi, Jarred";"D";"ARI"
"Tkachuk, Matthew";"LW";"CGY"
"Tlusty, Jiri";"LW";"COL"
"Toews, Devon";"D";"NYI"
"Toews, Jonathan";"C";"CHI"
"Toffoli, Tyler";"C";"LAK"
"Tokarski, Dustin";"G";"ANA"
"Tolchinsky, Sergei";"LW";"CAR"
"Tootoo, Jordin";"RW";"CHI"
"Torres, Raffi";"LW";"CAR"
"Treutle, Niklas";"G";"ARI"
"Trocheck, Vincent";"C";"FLA"
"Tropp, Corey";"RW";"ANA"
"Trotman, Zach";"D";"LAK"
"Trouba, Jacob";"D";"WPG"
"Tryamkin, Nikita";"D";"VAN"
"Tuch, Alex";"RW";"MIN"
"Turgeon, Dominic";"C";"DET"
"Turris, Kyle";"C";"OTT"
"Tuulola, Eetu";"RW";"CGY"
"Twarynski, Carsen";"LW";"PHI"
"Tyutin, Fedor";"D";"COL"
"Ullmark, Linus";"G";"BUF"
"Ully, Cole";"LW";"DAL"
"Upshall, Scottie";"RW";"STL"
"Valiev, Rinat";"D";"TOR"
"Valleau, Nolan";"D";"CHI"
"Vande Sompel, Mitch";"D";"NYI"
"VandeVelde, Chris";"C";"PHI"
"Vanecek, Vitek";"G";"WAS"
"Vanek, Thomas";"LW";"DET"
"Varlamov, Semyon";"G";"COL"
"Varone, Phil";"C";"OTT"
"Vasilevskiy, Andrei";"G";"TAM"
"Vatanen, Sami";"D";"ANA"
"Vatrano, Frank";"C";"BOS"
"Vaughan, Scooter";"RW";"STL"
"Vay, Adam";"G";"MIN"
"Verhaeghe, Carter";"C";"NYI"
"Vermette, Antoine";"C";"ANA"
"Vermin, Joel";"RW";"TAM"
"Versteeg, Kris";"RW";"EDM"
"Vesce, Ryan";"RW";"EDM"
"Vesey, Jimmy";"LW";"NYR"
"Vey, Linden";"RW";"CGY"
"Virtanen, Jake";"RW";"VAN"
"Visentin, Mark";"G";"NSH"
"Vitale, Joe";"C";"DET"
"Vladar, Daniel";"G";"BOS"
"Vlasic, Marc-Edouard";"D";"SJS"
"Voracek, Jakub";"RW";"PHI"
"Vrana, Jakub";"C";"WAS"
"Vrbata, Radim";"RW";"ARI"
"van Riemsdyk, James";"LW";"TOR"
"van Riemsdyk, Trevor";"D";"CHI"
"Wagner, Chris";"RW";"ANA"
"Walcott, Daniel";"D";"TAM"
"Walker, Nathan";"LW";"WAS"
"Wallmark, Lucas";"C";"CAR"
"Ward, Cam";"G";"CAR"
"Ward, Joel";"RW";"SJS"
"Warner, Hunter";"D";"MIN"
"Warsofsky, David";"D";"PIT"
"Watson, Austin";"LW";"NSH"
"Weal, Jordan";"C";"PHI"
"Weber, Mike";"D";"STL"
"Weber, Shea";"D";"MTL"
"Weber, Yannick";"D";"NSH"
"Wedgewood, Scott";"G";"NJD"
"Weegar, Mackenzie";"D";"FLA"
"Weise, Dale";"RW";"PHI"
"Welinski, Andy";"D";"ANA"
"Wellman, Casey";"C";"NYR"
"Welsh, Jeremy";"C";"STL"
"Wennberg, Alexander";"C";"CBS"
"Werenski, Zach";"D";"CBS"
"Wesley, Josh";"D";"CAR"
"Wheeler, Blake";"RW";"WPG"
"White, Colton";"D";"NJD"
"White, Jordan";"G";"SJS"
"White, Matt";"LW";"NSH"
"White, Ryan";"C";"ARI"
"Whitney, Joe";"RW";"COL"
"Wideman, Alex";"LW";"OTT"
"Wideman, Chris";"D";"OTT"
"Wideman, Dennis";"D";"CGY"
"Wiercioch, Patrick";"D";"COL"
"Wilcox, Adam";"G";"TAM"
"Will, Roman";"G";"COL"
"Willcox, Reece";"D";"PHI"
"Williams, Justin";"RW";"WAS"
"Williams, Stephon";"G";"NYI"
"Wilson, Colin";"C";"NSH"
"Wilson, Garrett";"LW";"PIT"
"Wilson, Scott";"C";"PIT"
"Wilson, Tom";"RW";"WAS"
"Wingels, Tommy";"C";"SJS"
"Winnik, Daniel";"RW";"WAS"
"Winquist, Josh";"LW";"NYI"
"Wisniewski, James";"D";"TAM"
"Witkowski, Luke";"D";"TAM"
"Wood, Kyle";"D";"ARI"
"Wood, Miles";"LW";"NJD"
"Wood, Miles";"LW";"NJD"
"Woods, Brendan";"LW";"CAR"
"Wotherspoon, Parker";"D";"NYI"
"Wotherspoon, Tyler";"D";"CGY"
"Yakupov, Nail";"RW";"EDM"
"Yan, Dennis";"LW";"TAM"
"Yandle, Keith";"D";"FLA"
"Yevenko, Oleg";"D";"CBS"
"Zaar, Daniel";"RW";"CBS"
"Zacha, Pavel";"C";"NJD"
"Zadorov, Nikita";"D";"COL"
"Zaitsev, Nikita";"D";"TOR"
"Zajac, Travis";"C";"NJD"
"Zalewski, Mike";"LW";"VAN"
"Zatkoff, Jeff";"G";"LAK"
"Zboril, Jakub";"D";"BOS"
"Zengerle, Mark";"C";"PHI"
"Zetterberg, Henrik";"LW";"DET"
"Zibanejad, Mika";"C";"NYR"
"Zolnierczyk, Harry";"RW";"NSH"
"Zuccarello, Mats";"RW";"NYR"
"Zucker, Jason";"LW";"MIN"
"Zykov, Valentin";"RW";"CAR"
