"PLAYER";"POSITION";"TEAM"
"Abad, Manny";"DB";"TEN"
"Abbrederis, Jared";"WR";"DET"
"Abdesmad, Mehdi";"DL";"TEN"
"Abdullah, Ameer";"RB";"DET"
"Abdullah, Khalid";"RB";"NYG"
"Aboushi, Oday";"OL";"SEA"
"Acho, Sam";"DB";"CHI"
"Acker, Kenneth";"DB";"K.C"
"Adams, Andrew";"DB";"NYG"
"Adams, Davante";"WR";"GNB"
"Adams, Jamal";"DB";"NYJ"
"Adams, Jeff";"OL";"NYJ"
"Adams, Jerell";"TE";"NYG"
"Adams, Keion";"DB";"PIT"
"Adams, Mike";"DB";"CAR"
"Adams, Montravius";"DL";"GNB"
"Adams, Nelson";"DL";"PIT"
"Adams, Rodney";"WR";"MIN"
"Adams, Tyrell";"DB";"OAK"
"Addae, Jahleel";"DB";"LAC"
"Addison, Mario";"DL";"CAR"
"Adeboyejo, Quincy";"WR";"BAL"
"Adjei-Barimah, Jude";"DB";"TAM"
"Agholor, Nelson";"WR";"PHI"
"Agnew, Jamal";"DB";"DET"
"Aguayo, Roberto";"K";"TAM"
"Agudosi, Carlton";"WR";"ARI"
"Aiken, Kamar";"WR";"IND"
"Aikens, Walt";"DB";"MIA"
"Ajayi, Jay";"RB";"MIA"
"Albert, Branden";"OL";"JAC"
"Albright, Bryson";"DB";"CIN"
"Alexander, D.J.";"DB";"SEA"
"Alexander, Dominique";"DB";"CLE"
"Alexander, Kwon";"DB";"TAM"
"Alexander, Lorenzo";"DB";"BUF"
"Alexander, Mackensie";"DB";"MIN"
"Alexander, Maurice";"DB";"LAR"
"Alexander, Vadal";"OL";"OAK"
"Alford, Mario";"WR";"CLE"
"Alford, Robert";"DB";"ATL"
"Ali'ifua, Ricky";"DL";"K.C"
"Alie-Cox, Mo";"TE";"IND"
"Allen, Beau";"DL";"PHI"
"Allen, Brandon";"QB";"JAC"
"Allen, Brian";"DB";"PIT"
"Allen, Chase";"DB";"MIA"
"Allen, Cortez";"DB";"PIT"
"Allen, Dwayne";"TE";"NWE"
"Allen, Jack";"OL";"NOR"
"Allen, Javorius";"RB";"BAL"
"Allen, Jeff";"OL";"HOU"
"Allen, Jonathan";"DL";"WAS"
"Allen, Josh";"OL";"TAM"
"Allen, Keenan";"WR";"LAC"
"Allen, Nate";"DB";"MIA"
"Allen, RaShaun";"TE";"HOU"
"Allen, Randy";"DB";"BAL"
"Allen, Ricardo";"DB";"ATL"
"Alonso, Kiko";"DB";"MIA"
"Alualu, Tyson";"DL";"PIT"
"Amaro, Jace";"TE";"TEN"
"Amendola, Danny";"WR";"NWE"
"Amerson, David";"DB";"OAK"
"Amichia, Kofi";"OL";"GNB"
"Amos, Adrian";"DB";"CHI"
"Amos, DaShaun";"DB";"NYG"
"Amukamara, Prince";"DB";"CHI"
"Anderson, C.J.";"RB";"DEN"
"Anderson, Colt";"DB";"BUF"
"Anderson, Derek";"QB";"CAR"
"Anderson, Dres";"WR";"HOU"
"Anderson, Henry";"DL";"IND"
"Anderson, Jonathan";"DB";"CHI"
"Anderson, Robby";"WR";"NYJ"
"Anderson, Ryan";"DB";"WAS"
"Anderson, Stephen";"TE";"HOU"
"Anderson, Zaire";"DB";"DEN"
"Andrews, David";"OL";"NWE"
"Andrews, Josh";"OL";"PHI"
"Ankou, Eli";"DL";"HOU"
"Ansah, Ezekiel";"DL";"DET"
"Anthony, Stephone";"DB";"NOR"
"Anzalone, Alex";"DB";"NOR"
"Apple, Eli";"DB";"NYG"
"Are, Kareem";"OL";"OAK"
"Armah, Alex";"RB";"CAR"
"Armbrister, Thurston";"DB";"DET"
"Armstead, Arik";"DL";"SFO"
"Armstead, Terron";"OL";"NOR"
"Armstrong, Ray-Ray";"DB";"SFO"
"Arnold, Dan";"WR";"NOR"
"Artis-Payne, Cameron";"RB";"CAR"
"Ash, Richard";"DL";"DAL"
"Asiata, Isaac";"OL";"MIA"
"Asiata, Matt";"RB";"DET"
"Atkins, Geno";"DL";"CIN"
"Atkinson, George";"RB";"OAK"
"Attaochu, Jeremiah";"DL";"LAC"
"Auclair, Antony";"TE";"TAM"
"Augusta, Josh";"DL";"NWE"
"Austell, Erik";"OL";"HOU"
"Austin, Tavon";"WR";"LAR"
"Autry, Denico";"DL";"OAK"
"Averill, Travis";"OL";"ATL"
"Avril, Cliff";"DL";"SEA"
"Awuzie, Chidobe";"DB";"DAL"
"Ayers, Akeem";"DB";"IND"
"Ayers, DeMarcus";"WR";"PIT"
"Ayers, Robert";"DL";"TAM"
"Bacci, Joe";"RB";"TEN"
"Bademosi, Johnson";"DB";"DET"
"Bailey, Aaron";"WR";"BAL"
"Bailey, Allen";"DL";"K.C"
"Bailey, Dan";"K";"DAL"
"Bailey, Sterling";"DL";"TAM"
"Baker, Budda";"DB";"ARI"
"Baker, Chris";"DL";"TAM"
"Bakhtiari, David";"OL";"GNB"
"Balducci, Alex";"OL";"NYJ"
"Baldwin, Doug";"WR";"SEA"
"Ballentine, Lonnie";"DB";"HOU"
"Banjo, Chris";"DB";"NOR"
"Banks, Brandon";"DL";"WAS"
"Banks, Johnthan";"DB";"CHI"
"Banks, Josh";"DL";"NYG"
"Banner, Zach";"OL";"IND"
"Banyard, Joe";"RB";"BUF"
"Barber, Peyton";"RB";"TAM"
"Barbre, Allen";"OL";"DEN"
"Barclay, Don";"OL";"GNB"
"Barker, Chris";"OL";"CLE"
"Barkley, Matt";"QB";"SFO"
"Barksdale, Joe";"OL";"LAC"
"Barner, Kenjon";"RB";"LAC"
"Barnes, Adairius";"DB";"DET"
"Barnes, Brandon";"TE";"DET"
"Barnes, Khalif";"OL";"NOR"
"Barnes, Tavaris";"DL";"TAM"
"Barnes, Tim";"OL";"SFO"
"Barnett, Dante";"DB";"DEN"
"Barnett, Deondre";"DL";"TAM"
"Barnett, Derek";"DL";"PHI"
"Baron, Woody";"DL";"DAL"
"Barr, Anthony";"DB";"MIN"
"Barrett, Alex";"DL";"DET"
"Barrett, Shaquil";"DB";"DEN"
"Barrington, Sam";"DB";"BUF"
"Barron, Mark";"DB";"LAR"
"Barrow, Lamin";"DB";"MIA"
"Barth, Connor";"K";"CHI"
"Barton, Karim";"OL";"BUF"
"Barwin, Connor";"DB";"LAR"
"Basham, Tarell";"DB";"IND"
"Bass, David";"DL";"SEA"
"Bates, Daren";"DB";"TEN"
"Bates, Trevor";"DB";"NWE"
"Battle, Isaiah";"OL";"K.C"
"Bausby, DeVante";"DB";"K.C"
"Baxter, Keith";"DB";"K.C"
"Baylis, Evan";"TE";"HOU"
"Bazzie, Alex";"DB";"ARI"
"Beachum, Kelvin";"OL";"NYJ"
"Beadles, Zane";"OL";"SFO"
"Bean, Jimmy";"DL";"OAK"
"Bears, Chicago";"DEF";"CHI"
"Beasley, Cole";"WR";"DAL"
"Beasley, Vic";"DB";"ATL"
"Beathard, C.J.";"QB";"SFO"
"Beavers, Willie";"OL";"MIN"
"Beckham, Odell";"WR";"NYG"
"Beckwith, Kendell";"DB";"TAM"
"Becton, Nick";"OL";"DET"
"Bell, Blake";"TE";"SFO"
"Bell, Brandon";"DB";"CIN"
"Bell, Byron";"OL";"DAL"
"Bell, Kenny";"WR";"BAL"
"Bell, Le'Veon";"RB";"PIT"
"Bell, Vonn";"DB";"NOR"
"Bellamy, Josh";"WR";"CHI"
"Bello, B.J.";"DB";"CLE"
"Bellore, Nick";"DB";"DET"
"Beltre, Frank";"DB";"NYJ"
"Benenoch, Caleb";"OL";"TAM"
"Bengals, Cincinnati";"DEF";"CIN"
"Benjamin, Kelvin";"WR";"CAR"
"Benjamin, Travis";"WR";"LAC"
"Benn, Arrelious";"WR";"JAC"
"Bennett, Martellus";"TE";"GNB"
"Bennett, Michael";"DL";"JAC"
"Bennett, Michael";"DL";"SEA"
"Benwikere, Bene'";"DB";"CIN"
"Bercovici, Mike";"QB";"LAC"
"Berger, Joe";"OL";"MIN"
"Bergstrom, Tony";"OL";"ARI"
"Berhe, Nat";"DB";"NYG"
"Bernard, Giovani";"RB";"CIN"
"Berry, Eric";"DB";"K.C"
"Bersin, Brenton";"WR";"CAR"
"Bethea, Antoine";"DB";"ARI"
"Bethel, Justin";"DB";"ARI"
"Beyer, Brennen";"DB";"BAL"
"Bibbs, E.J.";"TE";"WAS"
"Bibbs, Kapri";"RB";"SFO"
"Biegel, Vince";"DB";"GNB"
"Bigger, Zeek";"DB";"CAR"
"Bighill, Adam";"DB";"NOR"
"Billings, Andrew";"DL";"CIN"
"Billingsley, Jace";"WR";"DET"
"Bills, Buffalo";"DEF";"BUF"
"Binford, Harvey";"WR";"IND"
"Bisnowaty, Adam";"OL";"NYG"
"Bitonio, Joel";"OL";"CLE"
"Blackmon, Dante";"DB";"IND"
"Blackmon, Justin";"WR";"JAC"
"Blackmon, Will";"DB";"WAS"
"Blackson, Angelo";"DL";"TEN"
"Blair, Ronald";"DL";"SFO"
"Blake, Valentino";"DB";"NYG"
"Blanton, Robert";"DB";"DAL"
"Blount, LeGarrette";"RB";"PHI"
"Blue, Alfred";"RB";"HOU"
"Bluiett, Caleb";"TE";"JAC"
"Blythe, Austin";"OL";"LAR"
"Board, C.J.";"WR";"BAL"
"Boddy-Calhoun, Briean";"DB";"CLE"
"Bodine, Russell";"OL";"CIN"
"Boehm, Evan";"OL";"ARI"
"Boehringer, Moritz";"WR";"MIN"
"Boggs, Taylor";"OL";"CHI"
"Bohanon, Tommy";"RB";"JAC"
"Bolden, Brandon";"RB";"NWE"
"Bolden, Victor";"WR";"SFO"
"Boling, Clint";"OL";"CIN"
"Bolles, Garett";"OL";"DEN"
"Bond, Devante";"DB";"TAM"
"Bond, Deyshawn";"OL";"IND"
"Booker, Devontae";"RB";"DEN"
"Boone, Alex";"OL";"MIN"
"Bordelon, Chris";"OL";"NYJ"
"Borders, Breon";"DB";"OAK"
"Bortles, Blake";"QB";"JAC"
"Bosa, Joey";"DL";"LAC"
"Bostic, Jon";"DB";"IND"
"Boston, Tre";"DB";"LAC"
"Boswell, Chris";"K";"PIT"
"Bouagnon, Joel";"RB";"CHI"
"Bouka, Elie";"DB";"ARI"
"Boulware, Ben";"DB";"CAR"
"Bourne, Kendrick";"WR";"SFO"
"Bouye, A.J.";"DB";"JAC"
"Bowanko, Luke";"OL";"JAC"
"Bowen, Kevin";"OL";"WAS"
"Bower, Tashawn";"DL";"MIN"
"Bowie, Michael";"OL";"NYG"
"Bowman, NaVorro";"DB";"SFO"
"Bowser, Tyus";"DB";"BAL"
"Boyce, Josh";"WR";"CLE"
"Boyd, Josh";"DL";"IND"
"Boyd, Tyler";"WR";"CIN"
"Boyette, Paul";"DL";"OAK"
"Boykin, Brandon";"DB";"BAL"
"Boykin, Trevone";"QB";"SEA"
"Boykins, Jeremy";"DB";"TEN"
"Boyko, Brett";"OL";"LAC"
"Boyle, Nick";"TE";"BAL"
"Bradberry, James";"DB";"CAR"
"Braden, Ben";"OL";"NYJ"
"Bradford, Carl";"DB";"BUF"
"Bradford, Sam";"QB";"MIN"
"Bradham, Nigel";"DB";"PHI"
"Bradley, Bam";"DB";"BAL"
"Bradley, Dylan";"DL";"MIN"
"Brady, Tom";"QB";"NWE"
"Branch, Alan";"DL";"NWE"
"Branch, Andre";"DL";"MIA"
"Branch, Marcelis";"DB";"ATL"
"Branch, Tyvon";"DB";"ARI"
"Brantley, Caleb";"DL";"CLE"
"Brate, Cameron";"TE";"TAM"
"Braunecker, Ben";"TE";"CHI"
"Braverman, Daniel";"WR";"CHI"
"Bray, Quan";"WR";"IND"
"Bray, Tyler";"QB";"K.C"
"Breaux, Delvin";"DB";"NOR"
"Breeland, Bashaud";"DB";"WAS"
"Brees, Drew";"QB";"NOR"
"Breida, Matt";"RB";"SFO"
"Brendel, Jake";"OL";"MIA"
"Brent, K.J.";"WR";"OAK"
"Brice, Kentrell";"DB";"GNB"
"Bridgewater, Teddy";"QB";"MIN"
"Briggs, Chauncey";"OL";"OAK"
"Briggs, Chris";"WR";"IND"
"Brissett, Jacoby";"QB";"NWE"
"Britt, Justin";"OL";"SEA"
"Britt, Kenny";"WR";"CLE"
"Brockers, Michael";"DL";"LAR"
"Bromley, Jay";"DL";"NYG"
"Broncos, Denver";"DEF";"DEN"
"Brooks, Ahmad";"DB";"SFO"
"Brooks, Brandon";"OL";"PHI"
"Brooks, Ron";"DB";"PHI"
"Brooks, Terrence";"DB";"PHI"
"Brothers, Kentrell";"DB";"MIN"
"Brown, Anthony";"DB";"DAL"
"Brown, Antonio";"WR";"PIT"
"Brown, Billy";"TE";"PHI"
"Brown, Blair";"DB";"JAC"
"Brown, Brian";"WR";"DAL"
"Brown, Christian";"DL";"PIT"
"Brown, Chris";"WR";"CIN"
"Brown, Corey";"WR";"BUF"
"Brown, Da'Ron";"WR";"LAC"
"Brown, Daniel";"TE";"CHI"
"Brown, DeAngelo";"DL";"TEN"
"Brown, Donatello";"DB";"GNB"
"Brown, Duane";"OL";"HOU"
"Brown, Fadol";"DL";"OAK"
"Brown, Fred";"WR";"IND"
"Brown, Jamon";"OL";"LAR"
"Brown, Jaron";"WR";"ARI"
"Brown, Jatavis";"DB";"LAC"
"Brown, Jayon";"DB";"TEN"
"Brown, John";"WR";"ARI"
"Brown, Kourtnei";"DB";"TEN"
"Brown, Mack";"RB";"WAS"
"Brown, Malcolm";"RB";"LAR"
"Brown, Malcom";"DL";"NWE"
"Brown, Marlon";"WR";"DEN"
"Brown, Noah";"WR";"DAL"
"Brown, Pharaoh";"TE";"OAK"
"Brown, Preston";"DB";"BUF"
"Brown, Richie";"DB";"TAM"
"Brown, Ryan";"DL";"CIN"
"Brown, Sam";"DB";"MIN"
"Brown, Trent";"OL";"SFO"
"Brown, Zach";"DB";"WAS"
"Brown-Dukes, Brandon";"RB";"PIT"
"Browns, Cleveland";"DEF";"CLE"
"Broxton, Jarell";"OL";"BAL"
"Brunskill, Daniel";"OL";"ATL"
"Bryant, Brandin";"DL";"NYJ"
"Bryant, Corbin";"DL";"NYG"
"Bryant, Desmond";"DL";"CLE"
"Bryant, Dez";"WR";"DAL"
"Bryant, Matt";"K";"ATL"
"Bryant, Omarius";"DL";"LAR"
"Bucannon, Deone";"DB";"ARI"
"Buccaneers, Tampa Bay";"DEF";"TAM"
"Buckner, DeForest";"DL";"SFO"
"Bulaga, Bryan";"OL";"GNB"
"Bullard, Jonathan";"DL";"CHI"
"Bullock, Randy";"K";"CIN"
"Bullough, Riley";"DB";"TAM"
"Bundy, Marquis";"WR";"ARI"
"Burbank, Ross";"OL";"DAL"
"Burbridge, Aaron";"WR";"SFO"
"Burfict, Vontaze";"DB";"CIN"
"Burgess, James";"DB";"CLE"
"Burkhead, Rex";"RB";"NWE"
"Burley, Marcus";"DB";"CLE"
"Burnett, Morgan";"DB";"GNB"
"Burns, Artie";"DB";"PIT"
"Burris, Juston";"DB";"NYJ"
"Burse, Isaiah";"WR";"LAC"
"Burton, Deante";"WR";"ATL"
"Burton, Michael";"RB";"CHI"
"Burton, Trey";"TE";"PHI"
"Burwell, Tyreek";"OL";"LAC"
"Bush, Deon";"DB";"CHI"
"Bush, Rafael";"DB";"NOR"
"Bushrod, Jermon";"OL";"MIA"
"Butker, Harrison";"K";"CAR"
"Butler, Adam";"DL";"NWE"
"Butler, Brice";"WR";"DAL"
"Butler, Darius";"DB";"IND"
"Butler, Dejaun";"DB";"NOR"
"Butler, Jeremy";"WR";"BUF"
"Butler, Malcolm";"DB";"NWE"
"Butler, Vernon";"DL";"CAR"
"Butt, Jake";"TE";"DEN"
"Byard, Kevin";"DB";"TEN"
"Byndom, Carrington";"DB";"BAL"
"Byrd, Damiere";"WR";"CAR"
"Byrd, Emanuel";"TE";"K.C"
"Cadet, Travaris";"RB";"NOR"
"Caldwell, Trey";"DB";"CLE"
"Calhoun, Shilique";"DB";"OAK"
"Calhoun, Taveze";"DB";"NOR"
"Callahan, Bryce";"DB";"CHI"
"Callahan, Joe";"QB";"GNB"
"Calvin, Johnathan";"DB";"GNB"
"Campanaro, Michael";"WR";"BAL"
"Campbell, Calais";"DL";"JAC"
"Campbell, De'Vondre";"DB";"ATL"
"Campbell, Ibraheim";"DB";"CLE"
"Canady, Maurice";"DB";"BAL"
"Cann, A.J.";"OL";"JAC"
"Cannon, Marcus";"OL";"NWE"
"Capi, Cap";"DB";"ARI"
"Carder, Tank";"DB";"CLE"
"Cardinals, Arizona";"DEF";"ARI"
"Carey, Don";"DB";"DET"
"Carey, Ka'Deem";"RB";"CHI"
"Carpenter, James";"OL";"NYJ"
"Carr, Austin";"WR";"NWE"
"Carr, Brandon";"DB";"BAL"
"Carr, Derek";"QB";"OAK"
"Carradine, Tank";"DL";"SFO"
"Carraway, Josh";"DB";"TEN"
"Carrell, Jordan";"DL";"DAL"
"Carrethers, Ryan";"DL";"LAC"
"Carrie, T.J.";"DB";"OAK"
"Carrier, Derek";"TE";"WAS"
"Carroll, Nolan";"DB";"DAL"
"Carroo, Leonte";"WR";"MIA"
"Carson, Chris";"RB";"SEA"
"Carson, Tra";"RB";"CIN"
"Carter, Alex";"DB";"DET"
"Carter, Bruce";"DB";"NYJ"
"Carter, Cethan";"TE";"CIN"
"Carter, Chris";"DB";"WAS"
"Carter, DeAndre";"WR";"SFO"
"Carter, Jamal";"DB";"DEN"
"Carter, Jarell";"DB";"ARI"
"Carter, Kyle";"TE";"MIN"
"Carter, Ruben";"OL";"DAL"
"Casey, Jurrell";"DL";"TEN"
"Cash, Jeremy";"DB";"CAR"
"Casher, Chris";"DL";"OAK"
"Casillas, Jonathan";"DB";"NYG"
"Cassel, Matt";"QB";"TEN"
"Castonzo, Anthony";"OL";"IND"
"Catalina, Tyler";"OL";"WAS"
"Catanzaro, Chandler";"K";"NYJ"
"Celek, Brent";"TE";"PHI"
"Celek, Garrett";"TE";"SFO"
"Chancellor, Kam";"DB";"SEA"
"Chappell, Devin";"DB";"K.C"
"Chargers, Los Angeles";"DEF";"LAC"
"Charles, Jamaal";"RB";"DEN"
"Charles, Orson";"TE";"K.C"
"Charles, Stefan";"DL";"JAC"
"Charlton, Taco";"DL";"DAL"
"Cheek, Joseph";"OL";"K.C"
"Cherry, Bra'lon";"WR";"ATL"
"Cherry, Don";"DB";"PHI"
"Chesson, Jehu";"WR";"K.C"
"Chickillo, Anthony";"DB";"PIT"
"Chiefs, Kansas City";"DEF";"K.C"
"Christian, Gerald";"TE";"ARI"
"Christian, Marqui";"DB";"LAR"
"Chubb, Brandon";"DB";"DET"
"Chung, Patrick";"DB";"NWE"
"Church, Barry";"DB";"JAC"
"Cioffi, Anthony";"DB";"OAK"
"Claiborne, Morris";"DB";"NYJ"
"Clark, Chris";"OL";"HOU"
"Clark, Chuck";"DB";"BAL"
"Clark, Donavon";"OL";"LAC"
"Clark, Frank";"DL";"SEA"
"Clark, Jeremy";"DB";"NYJ"
"Clark, Kenny";"DL";"GNB"
"Clark, Larry";"WR";"ARI"
"Clark, Le'Raven";"OL";"IND"
"Clark, Michael";"WR";"GNB"
"Clarke, Will";"DL";"CIN"
"Clausell, Blaine";"OL";"CAR"
"Clay, Charles";"TE";"BUF"
"Clay, Kaelin";"WR";"CAR"
"Clayborn, Adrian";"DL";"ATL"
"Cleary, Emmett";"OL";"DAL"
"Clemens, Kellen";"QB";"LAC"
"Clement, Corey";"RB";"PHI"
"Clements, Chunky";"DL";"MIN"
"Clemmings, T.J.";"OL";"MIN"
"Cleveland, Asante";"TE";"LAC"
"Cliett, Reshard";"DB";"K.C"
"Clinton-Dix, Ha Ha";"DB";"GNB"
"Clowney, Jadeveon";"DL";"HOU"
"Coates, Sammie";"WR";"PIT"
"Cobb, Randall";"WR";"GNB"
"Cockrell, Ross";"DB";"PIT"
"Coe, Rodney";"DL";"SEA"
"Cohen, Tarik";"RB";"CHI"
"Colbert, Adrian";"DB";"SFO"
"Cole, Audie";"DB";"JAC"
"Cole, Dylan";"DB";"HOU"
"Cole, Keelan";"WR";"JAC"
"Coleman, Brandon";"WR";"NOR"
"Coleman, Corey";"WR";"CLE"
"Coleman, Deandre";"DL";"BUF"
"Coleman, Derrick";"RB";"ATL"
"Coleman, Justin";"DB";"NWE"
"Coleman, Kurt";"DB";"CAR"
"Coleman, Kyle";"RB";"SEA"
"Coleman, Shon";"OL";"CLE"
"Coleman, Tevin";"RB";"ATL"
"Coleman, Xavier";"DB";"NYJ"
"Coley, Stacy";"WR";"MIN"
"Coley, Trevon";"DL";"CLE"
"Collins, Alex";"RB";"SEA"
"Collins, Aviante";"OL";"MIN"
"Collins, Jalen";"DB";"ATL"
"Collins, Jamie";"DB";"CLE"
"Collins, La'el";"OL";"DAL"
"Collins, Landon";"DB";"NYG"
"Collins, Maliek";"DL";"DAL"
"Collins, Parker";"OL";"LAR"
"Colts, Indianapolis";"DEF";"IND"
"Colvin, Aaron";"DB";"JAC"
"Compton, Tom";"OL";"CHI"
"Compton, Will";"DB";"WAS"
"Conklin, Jack";"OL";"TEN"
"Conley, Chris";"WR";"K.C"
"Conley, Gareon";"DB";"OAK"
"Conner, James";"RB";"PIT"
"Conque, Zach";"TE";"HOU"
"Conte, Chris";"DB";"TAM"
"Cook, Connor";"QB";"OAK"
"Cook, Dalvin";"RB";"MIN"
"Cook, Jared";"TE";"OAK"
"Cook, Tim";"RB";"JAC"
"Cooks, Brandin";"WR";"NWE"
"Cooper, Amari";"WR";"OAK"
"Cooper, Ethan";"OL";"PIT"
"Cooper, Fahn";"OL";"IND"
"Cooper, Jonathan";"OL";"DAL"
"Cooper, Marcus";"DB";"CHI"
"Cooper, Pharoh";"WR";"LAR"
"Cooper, Xavier";"DL";"CLE"
"Copeland, Brandon";"DL";"DET"
"Core, Cody";"WR";"CIN"
"Correa, Kamalei";"DB";"BAL"
"Cotton, Sam";"TE";"NWE"
"Countess, Blake";"DB";"LAR"
"Cousins, Kirk";"QB";"WAS"
"Covington, Christian";"DL";"HOU"
"Coward, Rashaad";"DL";"CHI"
"Cowboys, Dallas";"DEF";"DAL"
"Cowser, James";"DL";"OAK"
"Cox, Bryan";"DL";"CAR"
"Cox, Demetrious";"DB";"CIN"
"Cox, Fletcher";"DL";"PHI"
"Coyle, Brock";"DB";"SFO"
"Crabtree, Michael";"WR";"OAK"
"Craig, Winston";"DL";"PHI"
"Cravens, Su'a";"DB";"WAS"
"Crawford, Jack";"DL";"ATL"
"Crawford, Tyrone";"DL";"DAL"
"Crawley, Ken";"DB";"NOR"
"Crick, Jared";"DL";"DEN"
"Crockett, John";"RB";"OAK"
"Crockett, Montay";"WR";"GNB"
"Cromartie, Marcus";"DB";"SEA"
"Croom, Jason";"TE";"BUF"
"Crosby, Mason";"K";"GNB"
"Cross, Alan";"TE";"TAM"
"Crossan, Dalton";"RB";"IND"
"Croston, Cole";"OL";"NWE"
"Crowder, Jamison";"WR";"WAS"
"Crowell, Isaiah";"RB";"CLE"
"Crume, Eric";"DL";"CAR"
"Cruz, Victor";"WR";"CHI"
"Culkin, Sean";"TE";"LAC"
"Cumberland, Jeff";"TE";"LAC"
"Cunningham, Benny";"RB";"CHI"
"Cunningham, Jerome";"TE";"TEN"
"Cunningham, Zach";"DB";"HOU"
"Currie, Justin";"DB";"CLE"
"Curry, Vinny";"DL";"PHI"
"Cushing, Brian";"DB";"HOU"
"Cyprien, Johnathan";"DB";"TEN"
"Dable, Anthony";"WR";"ATL"
"Dahl, Joe";"OL";"DET"
"Dalton, Andy";"QB";"CIN"
"Dangerfield, Jordan";"DB";"PIT"
"Daniel, Chase";"QB";"NOR"
"Daniel, Robertson";"DB";"BAL"
"Daniel, T.J.";"DL";"HOU"
"Daniels, B.J.";"WR";"ATL"
"Daniels, Darrell";"TE";"IND"
"Daniels, LeShun";"RB";"NWE"
"Daniels, Mike";"DL";"GNB"
"Daniels, Steven";"DB";"PHI"
"Dansby, Karlos";"DB";"ARI"
"Darboh, Amara";"WR";"SEA"
"Darby, Ronald";"DB";"BUF"
"Dareus, Marcell";"DL";"BUF"
"Darkwa, Orleans";"RB";"NYG"
"Davenport, Julie'n";"OL";"HOU"
"David, Lavonte";"DB";"TAM"
"Davis, Austin";"QB";"SEA"
"Davis, Carlos";"DB";"BAL"
"Davis, Carl";"DL";"BAL"
"Davis, Cody";"DB";"LAR"
"Davis, Corey";"WR";"TEN"
"Davis, Demario";"DB";"NYJ"
"Davis, Geremy";"WR";"LAC"
"Davis, Jarrad";"DB";"DET"
"Davis, Jesse";"OL";"MIA"
"Davis, Justin";"RB";"LAR"
"Davis, Kevin";"DB";"LAR"
"Davis, Knile";"RB";"PIT"
"Davis, Michael";"DB";"LAC"
"Davis, Mike";"RB";"SEA"
"Davis, Noor";"DB";"MIN"
"Davis, P.J.";"DB";"JAC"
"Davis, Reggie";"WR";"ATL"
"Davis, Reginald";"WR";"ATL"
"Davis, Robert";"WR";"WAS"
"Davis, Ryan";"DL";"BUF"
"Davis, Sean";"DB";"PIT"
"Davis, Thomas";"DB";"CAR"
"Davis, Titus";"WR";"CHI"
"Davis, Todd";"DB";"DEN"
"Davis, Trevor";"WR";"GNB"
"Davis, Vernon";"TE";"WAS"
"Davis, Vontae";"DB";"IND"
"Davis, Will";"DB";"SFO"
"Davison, Tyeler";"DL";"NOR"
"Dawkins, Dion";"OL";"BUF"
"Dawson, P.J.";"DB";"CIN"
"Dawson, Phil";"K";"ARI"
"Day, Dillon";"OL";"DEN"
"Day, Sheldon";"DL";"JAC"
"Dayes, Matt";"RB";"CLE"
"DeBoer, Dillon";"OL";"LAC"
"DeBord, Clay";"OL";"DAL"
"DeCastro, David";"OL";"PIT"
"DeValve, Seth";"TE";"CLE"
"Dean, David";"DL";"CIN"
"Deayon, Donte";"DB";"NYG"
"Decker, Eric";"WR";"TEN"
"Decker, Taylor";"OL";"DET"
"Decoud, Treston";"DB";"HOU"
"Demps, Quintin";"DB";"CHI"
"Denham, Anthony";"TE";"PHI"
"Dennard, Darqueze";"DB";"CIN"
"Derby, A.J.";"TE";"DEN"
"Desir, Pierre";"DB";"SEA"
"Develin, James";"RB";"NWE"
"Devey, Jordan";"OL";"K.C"
"DiMarco, Patrick";"RB";"BUF"
"Dial, Quinton";"DL";"SFO"
"Dickson, Ed";"TE";"CAR"
"Dielman, J.J";"OL";"CIN"
"Dieter, Gehrig";"WR";"K.C"
"Diggs, Quandre";"DB";"DET"
"Diggs, Stefon";"WR";"MIN"
"Dillon, K.J.";"DB";"HOU"
"Dimick, Hunter";"DL";"JAC"
"Dixon, Brandon";"DB";"PIT"
"Dixon, Brian";"DB";"JAC"
"Dixon, Kenneth";"RB";"BAL"
"Dixon, Travell";"DB";"CAR"
"Dobbs, Joshua";"QB";"PIT"
"Dobson, Aaron";"WR";"ARI"
"Doctson, Josh";"WR";"WAS"
"Dodd, Kevin";"DB";"TEN"
"Dolphins, Miami";"DEF";"MIA"
"Donahue, Dylan";"DB";"NYJ"
"Donatell, Steve";"TE";"SEA"
"Donnal, Andrew";"OL";"LAR"
"Donnell, Larry";"TE";"BAL"
"Dora, Vontarrius";"DB";"DEN"
"Dorsett, Phillip";"WR";"IND"
"Doss, Lorenzo";"DB";"DEN"
"Dotson, Demar";"OL";"TAM"
"Doughty, Brandon";"QB";"MIA"
"Douglas, Harry";"WR";"TEN"
"Douglas, Jamil";"OL";"NWE"
"Douglas, Rasul";"DB";"PHI"
"Doyle, Jack";"TE";"IND"
"Dozier, Dakota";"OL";"NYJ"
"Drake, Kenyan";"RB";"MIA"
"Drango, Spencer";"OL";"CLE"
"Draughn, Shaun";"RB";"NYG"
"Driskel, Jeff";"QB";"CIN"
"Drummond, Kurtis";"DB";"HOU"
"Duarte, Thomas";"TE";"MIA"
"Ducasse, Vladimir";"OL";"BUF"
"Ducre, Greg";"DB";"PIT"
"Duke, Austin";"WR";"CAR"
"Dumervil, Elvis";"DL";"SFO"
"Dunbar, Lance";"RB";"LAR"
"Dunbar, Quinton";"DB";"WAS"
"Dunker, Jessamen";"OL";"NYG"
"Dunlap, Carlos";"DL";"CIN"
"Dunn, Brandon";"DL";"HOU"
"Dunn, Michael";"OL";"LAR"
"Dupre, Malachi";"WR";"GNB"
"Dupree, Bud";"DB";"PIT"
"Dural, Travin";"WR";"NOR"
"Durant, Justin";"DB";"DAL"
"Durden, Kenneth";"DB";"OAK"
"Duvernay-Tardif, Laurent";"OL";"K.C"
"Dye, Donteea";"WR";"TAM"
"Dysert, Zac";"QB";"DAL"
"Dzubnar, Nick";"DB";"LAC"
"Eagles, Philadelphia";"DEF";"PHI"
"Ealy, Kony";"DL";"NWE"
"Easley, Dominique";"DL";"LAR"
"Easton, Nick";"OL";"MIN"
"Ebner, Nate";"DB";"NWE"
"Ebron, Eric";"TE";"DET"
"Ebukam, Samson";"DB";"LAR"
"Edebali, Kasim";"DB";"DEN"
"Edelman, Julian";"WR";"NWE"
"Edison, Cornelius";"OL";"ATL"
"Edmunds, Trey";"RB";"NOR"
"Edwards, Kadeem";"OL";"DAL"
"Edwards, Lavar";"DB";"IND"
"Edwards, Mario";"DL";"OAK"
"Ehinger, Parker";"OL";"K.C"
"Eifert, Tyler";"TE";"CIN"
"Ekanem, Ken";"DB";"DEN"
"Ekeler, Austin";"RB";"LAC"
"Ekpe, Hendrick";"DB";"CHI"
"Elder, Corn";"DB";"CAR"
"Eldrenkamp, Jake";"OL";"LAR"
"Elflein, Pat";"OL";"MIN"
"Eligwe, Ukeme";"DB";"K.C"
"Ellerbe, Dannell";"DB";"NOR"
"Ellington, Andre";"RB";"ARI"
"Ellington, Bruce";"RB";"SFO"
"Elliott, DeAndre";"DB";"SEA"
"Elliott, Ezekiel";"RB";"DAL"
"Elliott, Jake";"K";"CIN"
"Elliott, Javien";"DB";"TAM"
"Elliott, Jay";"DB";"GNB"
"Ellis, Alex";"TE";"JAC"
"Ellis, Brooks";"DB";"NWE"
"Ellis, Justin";"DL";"OAK"
"Ellison, Rhett";"TE";"NYG"
"Elston, Trae";"DB";"BUF"
"Eluemunor, Jermaine";"OL";"BAL"
"Emanuel, Kyle";"DB";"LAC"
"Engram, Evan";"TE";"NYG"
"Enunwa, Quincy";"WR";"NYJ"
"Erickson, Alex";"WR";"CIN"
"Ertz, Zach";"TE";"PHI"
"Ervin, Tyler";"RB";"HOU"
"Erving, Cameron";"OL";"CLE"
"Escobar, Gavin";"TE";"K.C"
"Estime, Brisly";"WR";"NYJ"
"Etta-Tawo, Amba";"WR";"JAC"
"Eulls, Kaleb";"DL";"LAC"
"Evans, Jahri";"OL";"GNB"
"Evans, Jerod";"QB";"PHI"
"Evans, Jordan";"DB";"CIN"
"Evans, Josh";"DB";"WAS"
"Evans, Justin";"DB";"TAM"
"Evans, Marwin";"DB";"GNB"
"Evans, Mike";"WR";"TAM"
"Evans, Randall";"DB";"LAC"
"Evans, Thomas";"OL";"GNB"
"Everett, Deshazor";"DB";"WAS"
"Everett, Gerald";"TE";"LAR"
"Exum, Antone";"DB";"MIN"
"Fabiano, Anthony";"OL";"CLE"
"Fackrell, Kyler";"DB";"GNB"
"Fairbairn, Ka'imi";"K";"HOU"
"Fairley, Nick";"DL";"NOR"
"Falcons, Atlanta";"DEF";"ATL"
"Fales, David";"QB";"MIA"
"Fant, George";"OL";"SEA"
"Farley, Matthias";"DB";"IND"
"Farris, Chase";"OL";"NWE"
"Farrow, Kenneth";"RB";"LAC"
"Fasano, Anthony";"TE";"MIA"
"Fede, Terrence";"DL";"MIA"
"Feeney, Dan";"OL";"LAC"
"Feiler, Matt";"OL";"PIT"
"Fejedelem, Clayton";"DB";"CIN"
"Feliciano, Jon";"OL";"OAK"
"Fells, Darren";"TE";"DET"
"Ferentz, James";"OL";"NWE"
"Ferguson, Ego";"DL";"DET"
"Ferguson, Josh";"RB";"IND"
"Ferguson, Tyler";"QB";"TEN"
"Fiedorowicz, C.J.";"TE";"HOU"
"Finney, B.J.";"OL";"PIT"
"Firkser, Anthony";"RB";"NYJ"
"Fisher, Eric";"OL";"K.C"
"Fisher, Jake";"OL";"CIN"
"Fitzgerald, Larry";"WR";"ARI"
"Fitzpatrick, Ryan";"QB";"TAM"
"Flacco, Joe";"QB";"BAL"
"Fleener, Coby";"TE";"NOR"
"Fleming, Cameron";"OL";"NWE"
"Fleming, Ladell";"DB";"CLE"
"Fleming, Maurice";"DB";"TAM"
"Flowers, Ereck";"OL";"NYG"
"Flowers, Marquis";"DB";"CIN"
"Flowers, Trey";"DL";"NWE"
"Floyd, Leonard";"DB";"CHI"
"Floyd, Sharrif";"DL";"MIN"
"Fluellen, David";"RB";"TEN"
"Fluker, D.J.";"OL";"NYG"
"Flynn, J.P.";"OL";"SFO"
"Foles, Nick";"QB";"PHI"
"Folk, Nick";"K";"TAM"
"Forbath, Kai";"K";"MIN"
"Ford, Dee";"DB";"K.C"
"Ford, Dontez";"WR";"DET"
"Ford, Isaiah";"WR";"MIA"
"Ford, Rudy";"DB";"ARI"
"Foreman, D'Onta";"RB";"HOU"
"Forrest, Josh";"DB";"LAR"
"Fort, L.J.";"DB";"PIT"
"Forte, Matt";"RB";"NYJ"
"Foster, D.J.";"RB";"NWE"
"Foster, Mason";"DB";"WAS"
"Foster, Otha";"DB";"BAL"
"Foster, Ramon";"OL";"PIT"
"Foster, Reuben";"DB";"SFO"
"Fournette, Leonard";"RB";"JAC"
"Fowler, Bennie";"WR";"DEN"
"Fowler, Dante";"DL";"JAC"
"Fowler, Jalston";"RB";"TEN"
"Fox, Morgan";"DL";"LAR"
"Foxx, Deshon";"WR";"NYJ"
"Fragel, Reid";"OL";"MIN"
"France, Dan";"OL";"CAR"
"Francis, A.J.";"DL";"WAS"
"Franklin, Orlando";"OL";"NOR"
"Franklin, Zach";"DB";"SFO"
"Franks, Andrew";"K";"MIA"
"Frazier, Kavon";"DB";"DAL"
"Frazier, Mose";"WR";"CAR"
"Frederick, Travis";"OL";"DAL"
"Freeman, Devonta";"RB";"ATL"
"Freeman, Jerrell";"DB";"CHI"
"Freeman, Wil";"OL";"ATL"
"Freeny, Jonathan";"DB";"NWE"
"French, Christian";"DB";"SEA"
"Friend, Kyle";"OL";"PIT"
"Fruechte, Isaac";"WR";"MIN"
"Fuller, Corey";"WR";"NOR"
"Fuller, Devin";"WR";"ATL"
"Fuller, Kendall";"DB";"WAS"
"Fuller, Kyle";"DB";"CHI"
"Fuller, Kyle";"OL";"HOU"
"Fuller, Will";"WR";"HOU"
"Fullington, John";"OL";"NOR"
"Fulton, Zach";"OL";"K.C"
"Funchess, Devin";"WR";"CAR"
"Fusco, Brandon";"OL";"SFO"
"Gabbert, Blaine";"QB";"ARI"
"Gabriel, Taylor";"WR";"ATL"
"Gaines, Charles";"DB";"JAC"
"Gaines, E.J.";"DB";"LAR"
"Gaines, Phillip";"DB";"K.C"
"Galambos, Matt";"DB";"PIT"
"Galette, Junior";"DB";"WAS"
"Gallman, Wayne";"RB";"NYG"
"Gallon, Ironhead";"DB";"ARI"
"Gamble, Patrick";"DL";"NYJ"
"Gano, Graham";"K";"CAR"
"Garcia, Antonio";"OL";"NWE"
"Garcia, Max";"OL";"DEN"
"Garcia-Williams, Jerrol";"DB";"DEN"
"Garcon, Pierre";"WR";"SFO"
"Gardner, Cole";"OL";"TAM"
"Garland, Ben";"OL";"ATL"
"Garner, Manasseh";"TE";"WAS"
"Garnett, Joshua";"OL";"SFO"
"Garoppolo, Jimmy";"QB";"NWE"
"Garrett, Keyarris";"WR";"CAR"
"Garrett, Myles";"DL";"CLE"
"Garvin, Terence";"DB";"SEA"
"Gary, Shamiel";"DB";"BUF"
"Gaston, Bruce";"DL";"DET"
"Gates, Antonio";"TE";"LAC"
"Gathers, Rico";"TE";"DAL"
"Gause, Quentin";"DB";"DEN"
"Gay, Jordan";"K";"TEN"
"Gay, William";"DB";"PIT"
"Geathers, Clayton";"DB";"IND"
"Gedeon, Ben";"DB";"MIN"
"Gennesy, Avery";"OL";"JAC"
"Gentry, Tanner";"WR";"CHI"
"George, Jeremiah";"DB";"IND"
"Gerry, Nate";"DB";"PHI"
"Gettis, Adam";"OL";"NYG"
"Gholston, William";"DL";"TAM"
"Giacomini, Breno";"OL";"HOU"
"Giants, New York";"DEF";"NYG"
"Gibson, Laurence";"OL";"HOU"
"Gibson, Shelton";"WR";"PHI"
"Gilberry, Wallace";"DL";"CIN"
"Gilbert, Garrett";"QB";"CAR"
"Gilbert, Jimmie";"DB";"SFO"
"Gilbert, Marcus";"OL";"PIT"
"Gilbert, Reggie";"DB";"GNB"
"Gilchrist, Kennan";"DB";"DAL"
"Gilliam, Garry";"OL";"SFO"
"Gillislee, Mike";"RB";"NWE"
"Gillmore, Crockett";"TE";"BAL"
"Gilmore, Stephon";"DB";"NWE"
"Ginn, Ted";"WR";"NOR"
"Gipson, Tashaun";"DB";"JAC"
"Glanton, Adarius";"DB";"TAM"
"Glasgow, Graham";"OL";"DET"
"Glasgow, Ryan";"DL";"CIN"
"Glenn, Cordy";"OL";"BUF"
"Glennon, Mike";"QB";"CHI"
"Glover-Wright, Tay";"DB";"PHI"
"Glowinski, Mark";"OL";"SEA"
"Godchaux, Davon";"DL";"MIA"
"Godin, Matt";"DL";"HOU"
"Godwin, Chris";"WR";"TAM"
"Goff, Jared";"QB";"LAR"
"Goforth, Randall";"DB";"PHI"
"Golden, Brittan";"WR";"ARI"
"Golden, Malik";"DB";"PIT"
"Golden, Markus";"DB";"ARI"
"Golden, Robert";"DB";"PIT"
"Goldman, Eddie";"DL";"CHI"
"Golladay, Kenny";"WR";"DET"
"Golson, Senquez";"DB";"PIT"
"Gonzalez, Zane";"K";"CLE"
"Good, Denzelle";"OL";"IND"
"Goode, Najee";"DB";"PHI"
"Gooden, Zaviar";"DB";"ARI"
"Goodley, Antwan";"WR";"K.C"
"Goodman, Malliciah";"DL";"JAC"
"Goodson, B.J.";"DB";"NYG"
"Goodson, Demetri";"DB";"GNB"
"Goodwin, C.J.";"DB";"ATL"
"Goodwin, Marquise";"WR";"SFO"
"Gordon, Dillon";"OL";"PHI"
"Gordon, Josh";"WR";"CLE"
"Gordon, Melvin";"RB";"LAC"
"Gore, Frank";"RB";"IND"
"Gostkowski, Stephen";"K";"NWE"
"Gotsis, Adam";"DL";"DEN"
"Gould, Robbie";"K";"SFO"
"Grace, Jermaine";"DB";"ATL"
"Gradkowski, Gino";"OL";"CAR"
"Graf, Kevin";"OL";"ATL"
"Gragg, Chris";"TE";"NYJ"
"Graham, Brandon";"DL";"PHI"
"Graham, Jimmy";"TE";"SEA"
"Graham, Larson";"OL";"ATL"
"Graham, Trevor";"WR";"CAR"
"Graham, Tyson";"DB";"IND"
"Grant, Corey";"RB";"JAC"
"Grant, Curtis";"DB";"NYG"
"Grant, Doran";"DB";"JAC"
"Grant, Jakeem";"WR";"MIA"
"Grant, Ryan";"WR";"WAS"
"Grasu, Hroniss";"OL";"CHI"
"Gray, Alex";"TE";"ATL"
"Gray, Daniel";"DB";"ARI"
"Gray, Deante'";"WR";"HOU"
"Gray, Geoff";"OL";"GNB"
"Gray, MarQueis";"TE";"MIA"
"Grayson, Cyril";"WR";"SEA"
"Grayson, Garrett";"QB";"NOR"
"Greco, John";"OL";"CLE"
"Green, A.J.";"WR";"CIN"
"Green, Aaron";"RB";"LAR"
"Green, Chaz";"OL";"DAL"
"Green, John";"DB";"TEN"
"Green, T.J.";"DB";"IND"
"Green, Tion";"RB";"DET"
"Green, Virgil";"TE";"DEN"
"Green-Thompson, Shaq";"DB";"CAR"
"Greene, Darrell";"OL";"PHI"
"Greene, Rashad";"WR";"JAC"
"Gregory, Randy";"DL";"DAL"
"Gresham, Jermaine";"TE";"ARI"
"Griffen, Everson";"DL";"MIN"
"Griffey, Trey";"WR";"IND"
"Griffin, Garrett";"TE";"NOR"
"Griffin, Ryan";"TE";"HOU"
"Griffin, Ryan";"QB";"TAM"
"Griffin, Shaquill";"DB";"SEA"
"Grigsby, Nicholas";"DB";"LAR"
"Grimble, Xavier";"TE";"PIT"
"Grimes, Brent";"DB";"TAM"
"Grissom, Geneo";"DL";"NWE"
"Griswold, Darion";"TE";"ATL"
"Gronkowski, Glenn";"RB";"NWE"
"Gronkowski, Rob";"TE";"NWE"
"Groy, Ryan";"OL";"BUF"
"Grugier-Hill, Kamu";"DB";"PHI"
"Grymes, Aaron";"DB";"PHI"
"Guion, Letroy";"DL";"GNB"
"Gunter, LaDarius";"DB";"GNB"
"Gunter, Rodney";"DL";"ARI"
"Gurley, Todd";"RB";"LAR"
"Guy, Lawrence";"DL";"NWE"
"Gwacham, Obum";"DL";"NOR"
"Hackenberg, Christian";"QB";"NYJ"
"Haden, Joe";"DB";"CLE"
"Haeg, Joe";"OL";"IND"
"Hageman, Ra'Shede";"DL";"ATL"
"Hagen, Jacob";"DB";"PIT"
"Hager, Bryce";"DB";"LAR"
"Hairston, Chris";"OL";"LAC"
"Hairston, Nate";"DB";"IND"
"Hal, Andre";"DB";"HOU"
"Halapio, Jon";"OL";"NYG"
"Hali, Tamba";"DB";"K.C"
"Hall, Daeshon";"DL";"CAR"
"Hall, DeAngelo";"DB";"WAS"
"Hall, Deiondre'";"DB";"CHI"
"Hall, Marvin";"WR";"ATL"
"Hall, Rannell";"WR";"CLE"
"Ham, C.J.";"RB";"MIN"
"Hamilton, Antonio";"DB";"OAK"
"Hamilton, Cobi";"WR";"PIT"
"Hamilton, Justin";"DL";"PHI"
"Hamilton, Karel";"WR";"CIN"
"Hamilton, Woodrow";"DL";"NWE"
"Hamlett, Connor";"TE";"DAL"
"Hammond, Frankie";"WR";"NYJ"
"Hankins, Johnathan";"DL";"IND"
"Hanna, James";"TE";"DAL"
"Hansbrough, Russell";"RB";"TAM"
"Hansen, Chad";"WR";"NYJ"
"Harbor, Clay";"TE";"NOR"
"Hardee, Justin";"WR";"HOU"
"Hardison, Marcus";"DL";"CIN"
"Hardy, Justin";"WR";"ATL"
"Hargrave, Javon";"DL";"PIT"
"Hargreaves, Vernon";"DB";"TAM"
"Harkey, Cory";"TE";"LAR"
"Harlow, Sean";"OL";"ATL"
"Harmon, Duron";"DB";"NWE"
"Harmon, J.D.";"DB";"CLE"
"Harold, Eli";"DB";"SFO"
"Harper, Chris";"WR";"NYJ"
"Harper, Jarrod";"DB";"JAC"
"Harris, Anthony";"DB";"MIN"
"Harris, Bryce";"OL";"NOR"
"Harris, Charles";"DL";"MIA"
"Harris, Chris";"DB";"DEN"
"Harris, Connor";"DB";"NYJ"
"Harris, David";"DB";"NWE"
"Harris, De'Vante";"DB";"NOR"
"Harris, Demetrius";"TE";"K.C"
"Harris, Dwayne";"WR";"NYG"
"Harris, Erik";"DB";"NOR"
"Harris, Maurice";"WR";"WAS"
"Harris, Najee";"DB";"OAK"
"Harris, Nigel";"DB";"LAC"
"Harris, Shelby";"DL";"DEN"
"Harris, Tylor";"DL";"SEA"
"Harrison, Damon";"DL";"NYG"
"Harrison, James";"DB";"PIT"
"Harrison, Jarvis";"OL";"TAM"
"Harrison, Jonotthan";"OL";"NYJ"
"Hart, Bobby";"OL";"NYG"
"Hart, Taylor";"OL";"PHI"
"Hartfield, Trevon";"DB";"K.C"
"Harvey-Clemons, Josh";"DB";"WAS"
"Hatcher, Keon";"WR";"OAK"
"Hatfield, Dominique";"DB";"LAR"
"Hatley, Rickey";"DL";"HOU"
"Hauschka, Steven";"K";"BUF"
"Havenstein, Rob";"OL";"LAR"
"Hawkins, Donald";"OL";"K.C"
"Hawkins, Jerald";"OL";"PIT"
"Hawkins, Josh";"DB";"GNB"
"Hawley, Joe";"OL";"TAM"
"Hayden, D.J.";"DB";"DET"
"Hayes, De'Chavon";"DB";"ARI"
"Hayes, William";"DL";"MIA"
"Hayward, Casey";"DB";"LAC"
"Hazel, Matt";"WR";"WAS"
"Heath, Jeff";"DB";"DAL"
"Heath, Joel";"DL";"HOU"
"Heeney, Ben";"DB";"OAK"
"Heiman, Cody";"DB";"GNB"
"Heinicke, Taylor";"QB";"MIN"
"Hekking, Brock";"DB";"LAC"
"Helfet, Cooper";"TE";"OAK"
"Hemingway, Temarrick";"TE";"LAR"
"Henderson, Carlos";"WR";"DEN"
"Henderson, De'Angelo";"RB";"DEN"
"Henderson, Seantrel";"OL";"BUF"
"Hendrickson, Trey";"DL";"NOR"
"Hendy, A.J.";"DB";"MIA"
"Henne, Chad";"QB";"JAC"
"Henry, Daniel";"DB";"BAL"
"Henry, Derrick";"RB";"TEN"
"Henry, Hunter";"TE";"LAC"
"Henry, Willie";"DL";"BAL"
"Herndon, Javontee";"WR";"DAL"
"Herzlich, Mark";"DB";"NYG"
"Hester, Treyvon";"DL";"OAK"
"Heuerman, Jeff";"TE";"DEN"
"Hewitt, Neville";"DB";"MIA"
"Hewitt, Ryan";"TE";"CIN"
"Heyward, Cameron";"DL";"PIT"
"Heyward-Bey, Darrius";"WR";"PIT"
"Hicks, Akiem";"DL";"CHI"
"Hicks, Jordan";"DB";"PHI"
"Hicks, Quayvon";"RB";"TAM"
"Higbee, Tyler";"TE";"LAR"
"Higgins, Rashard";"WR";"CLE"
"Hightower, Dont'a";"DB";"NWE"
"Hightower, Lee";"DB";"IND"
"Hightower, Tim";"RB";"SFO"
"Hikutini, Cole";"TE";"SFO"
"Hill, Alvin";"DB";"CLE"
"Hill, Brian";"RB";"ATL"
"Hill, Delano";"DB";"SEA"
"Hill, Jaylen";"DB";"BAL"
"Hill, Jeremy";"RB";"CIN"
"Hill, Jordan";"DL";"DET"
"Hill, Josh";"TE";"NOR"
"Hill, Rashod";"OL";"MIN"
"Hill, Taysom";"QB";"GNB"
"Hill, Troy";"DB";"LAR"
"Hill, Tyreek";"WR";"K.C"
"Hillary, Darius";"DB";"CLE"
"Hilliard, Kenny";"RB";"WAS"
"Hillman, Ronnie";"RB";"DAL"
"Hilton, Mike";"DB";"PIT"
"Hilton, T.Y.";"WR";"IND"
"Hitchens, Anthony";"DB";"DAL"
"Hodges, Bucky";"TE";"MIN"
"Hodges, Gerald";"DB";"BUF"
"Hogan, Chris";"WR";"NWE"
"Hogan, Kevin";"QB";"CLE"
"Hogan, Krishawn";"WR";"ARI"
"Holden, Will";"OL";"ARI"
"Hollins, Deon";"DB";"DEN"
"Hollins, Mack";"WR";"PHI"
"Hollister, Cody";"WR";"NWE"
"Hollister, Jacob";"TE";"NWE"
"Holmes, Andre";"WR";"BUF"
"Holmes, Daquan";"DB";"GNB"
"Holmes, Gabe";"TE";"OAK"
"Holmes, Tyrone";"DL";"CLE"
"Holsey, Joshua";"DB";"WAS"
"Holton, Johnny";"WR";"OAK"
"Holtz, J.P.";"TE";"CLE"
"Homer, Tevin";"DB";"WAS"
"Hood, Elijah";"RB";"OAK"
"Hood, Ziggy";"DL";"WAS"
"Hooker, Malik";"DB";"IND"
"Hooks, Lavon";"DL";"PIT"
"Hoomanawanui, Michael";"TE";"NOR"
"Hooper, Austin";"TE";"ATL"
"Hope, Larry";"DB";"MIA"
"Hopkins, DeAndre";"WR";"HOU"
"Hopkins, Dustin";"K";"WAS"
"Hopkins, Trey";"OL";"CIN"
"Horton, Justin";"DB";"JAC"
"Horton, Wes";"DL";"CAR"
"House, Davon";"DB";"GNB"
"Houston, Bart";"QB";"PIT"
"Houston, Justin";"DB";"K.C"
"Houston, Lamarr";"DB";"CHI"
"Houston-Carson, DeAndre";"DB";"CHI"
"Howard, Bug";"WR";"IND"
"Howard, Jaye";"DL";"CHI"
"Howard, Jordan";"RB";"CHI"
"Howard, O.J.";"TE";"TAM"
"Howard, Tracy";"DB";"JAC"
"Howard, Xavien";"DB";"MIA"
"Howsare, Julian";"RB";"NYJ"
"Hoyer, Brian";"QB";"SFO"
"Hubbard, Chris";"OL";"PIT"
"Hubert, Chris";"WR";"ARI"
"Hudson, Rodney";"OL";"OAK"
"Huesman, Jacob";"RB";"NYG"
"Huff, Josh";"WR";"TAM"
"Huff, Marqueston";"DB";"TAM"
"Hughes, Jerry";"DL";"BUF"
"Hughes, Montori";"DL";"K.C"
"Huguenin, Farrington";"DB";"PIT"
"Hull, Mike";"DB";"MIA"
"Humber, Ramon";"DB";"BUF"
"Humes, Chris";"DB";"OAK"
"Humphrey, Marlon";"DB";"BAL"
"Humphries, Adam";"WR";"TAM"
"Humphries, D.J.";"OL";"ARI"
"Hundley, Brett";"QB";"GNB"
"Hunt, Akeem";"RB";"HOU"
"Hunt, Cameron";"OL";"DEN"
"Hunt, Joey";"OL";"SEA"
"Hunt, Kareem";"RB";"K.C"
"Hunt, Margus";"DL";"IND"
"Hunter, Danielle";"DL";"MIN"
"Hunter, Justin";"WR";"PIT"
"Hunter, Michael";"DB";"NYG"
"Hurns, Allen";"WR";"JAC"
"Hurst, Demontre";"DB";"TEN"
"Hurst, James";"OL";"BAL"
"Hyde, Carlos";"RB";"SFO"
"Hyde, Micah";"DB";"BUF"
"Hyder, Kerry";"DL";"DET"
"Iddings, Drew";"DL";"CAR"
"Ifedi, Germain";"OL";"SEA"
"Ifedi, Martin";"DL";"ATL"
"Ihenacho, Duke";"DB";"NYG"
"Ijalana, Ben";"OL";"NYJ"
"Ikard, Gabe";"OL";"CLE"
"Iloka, George";"DB";"CIN"
"Incognito, Richie";"OL";"BUF"
"Ingram, Mark";"RB";"NOR"
"Ingram, Melvin";"DL";"LAC"
"Inman, Dontrelle";"WR";"LAC"
"Ioannidis, Matthew";"DL";"WAS"
"Irvin, Bruce";"DB";"OAK"
"Irving, David";"DL";"DAL"
"Irving, Isaiah";"DB";"CHI"
"Ishmael, Kemal";"DB";"ATL"
"Isidora, Danny";"OL";"MIN"
"Iupati, Mike";"OL";"ARI"
"Ivie, Joey";"DL";"DAL"
"Ivory, Chris";"RB";"JAC"
"Iworah, Prince Charles";"DB";"SFO"
"Jack, Myles";"DB";"JAC"
"Jackson, Adoree'";"DB";"TEN"
"Jackson, Asa";"DB";"DET"
"Jackson, Branden";"DL";"OAK"
"Jackson, D'Qwell";"DB";"IND"
"Jackson, Darius";"RB";"CLE"
"Jackson, DeSean";"WR";"TAM"
"Jackson, Eddie";"DB";"CHI"
"Jackson, Edwin";"DB";"IND"
"Jackson, Gabe";"OL";"OAK"
"Jackson, Kareem";"DB";"HOU"
"Jackson, Malik";"DL";"JAC"
"Jackson, Vincent";"WR";"TAM"
"Jackson, William";"DB";"CIN"
"Jacobs, Ben";"DB";"CAR"
"Jacobs, Levern";"WR";"WAS"
"Jaguars, Jacksonville";"DEF";"JAC"
"James, Chanceller";"DB";"SFO"
"James, Charles";"DB";"BUF"
"James, Cory";"DB";"OAK"
"James, Ja'Wuan";"OL";"MIA"
"James, Jesse";"TE";"PIT"
"James, Josh";"OL";"K.C"
"James, Mike";"RB";"DET"
"Janikowski, Sebastian";"K";"OAK"
"Janis, Jeff";"WR";"GNB"
"Janovich, Andy";"RB";"DEN"
"Jarrett, Grady";"DL";"ATL"
"Jarrett, Tyrique";"DL";"DEN"
"Jarwin, Blake";"TE";"DAL"
"Jean Francois, Ricky";"DL";"GNB"
"Jean-Baptiste, Stanley";"DB";"JAC"
"Jefferson, A.J.";"DL";"LAR"
"Jefferson, Cameron";"OL";"BUF"
"Jefferson, Quinton";"DL";"SEA"
"Jefferson, Rickey";"DB";"OAK"
"Jefferson, Tony";"DB";"BAL"
"Jeffery, Alshon";"WR";"PHI"
"Jelks, Andrew";"OL";"NWE"
"Jenkins, Alex";"DL";"NOR"
"Jenkins, Cullen";"DL";"WAS"
"Jenkins, Janoris";"DB";"NYG"
"Jenkins, Jarvis";"DL";"K.C"
"Jenkins, Jelani";"DB";"OAK"
"Jenkins, John";"DL";"CHI"
"Jenkins, Jordan";"DB";"NYJ"
"Jenkins, Malcolm";"DB";"PHI"
"Jenkins, Mike";"DB";"ARI"
"Jenkins, Rayshawn";"DB";"LAC"
"Jenkins, Shaneil";"DL";"SEA"
"Jennings, Darius";"WR";"TEN"
"Jennings, Rashad";"RB";"NYG"
"Jensen, Ryan";"OL";"BAL"
"Jernigan, Timmy";"DL";"PHI"
"Jerod-Eddie, Tony";"DL";"SFO"
"Jerome, Lorenzo";"DB";"SFO"
"Jerry, John";"OL";"NYG"
"Jeter, Colin";"TE";"IND"
"Jets, New York";"DEF";"NYJ"
"Joeckel, Luke";"OL";"SEA"
"John, Ulrick";"OL";"ARI"
"Johnson, Anthony";"DL";"NYJ"
"Johnson, Austin";"RB";"TAM"
"Johnson, Austin";"DL";"TEN"
"Johnson, Brandon";"RB";"PIT"
"Johnson, Cam";"DL";"CLE"
"Johnson, Charles";"DL";"CAR"
"Johnson, Charles";"WR";"CAR"
"Johnson, Chris";"RB";"ARI"
"Johnson, David";"RB";"ARI"
"Johnson, David";"TE";"PIT"
"Johnson, Denzel";"DB";"TEN"
"Johnson, Derrick";"DB";"K.C"
"Johnson, Dontae";"DB";"SFO"
"Johnson, Dorian";"OL";"ARI"
"Johnson, Duke";"RB";"CLE"
"Johnson, George";"DL";"TAM"
"Johnson, Isaiah";"DB";"LAR"
"Johnson, Isaiah";"DB";"TAM"
"Johnson, Jaleel";"DL";"MIN"
"Johnson, Jeron";"DB";"SEA"
"Johnson, John";"DB";"LAR"
"Johnson, Jordan";"RB";"BUF"
"Johnson, Josh";"QB";"NYG"
"Johnson, Kaleb";"OL";"ARI"
"Johnson, Keeon";"WR";"NYG"
"Johnson, Kevin";"DB";"HOU"
"Johnson, Lane";"OL";"PHI"
"Johnson, Leonard";"DB";"BUF"
"Johnson, Malcolm";"RB";"SEA"
"Johnson, Marcus";"WR";"PHI"
"Johnson, Michael";"DL";"CIN"
"Johnson, Rashad";"DB";"TEN"
"Johnson, Roderick";"OL";"CLE"
"Johnson, Steven";"DB";"PIT"
"Johnson, Steve";"WR";"LAC"
"Johnson, Storm";"RB";"MIA"
"Johnson, T.J.";"OL";"CIN"
"Johnson, Toby";"DL";"CAR"
"Johnson, Tom";"DL";"MIN"
"Johnson, Tre'Von";"DB";"ARI"
"Johnson, Trumaine";"DB";"LAR"
"Johnson, Wesley";"OL";"NYJ"
"Johnson, Will";"RB";"NYG"
"Johnstone, Tyler";"OL";"LAC"
"Jones, Aaron";"RB";"GNB"
"Jones, Abry";"DL";"JAC"
"Jones, Andy";"WR";"DAL"
"Jones, Arthur";"DL";"IND"
"Jones, Ben";"OL";"TEN"
"Jones, Brett";"OL";"NYG"
"Jones, Bryce";"DB";"HOU"
"Jones, Byron";"DB";"DAL"
"Jones, Cardale";"QB";"LAC"
"Jones, Cayleb";"WR";"MIN"
"Jones, Chandler";"DB";"ARI"
"Jones, Christian";"DB";"CHI"
"Jones, Chris";"DL";"K.C"
"Jones, Chris";"DL";"SFO"
"Jones, Colin";"DB";"CAR"
"Jones, Cyrus";"DB";"NWE"
"Jones, D.J.";"DL";"SFO"
"Jones, DaQuan";"DL";"TEN"
"Jones, Datone";"DL";"MIN"
"Jones, David";"DB";"NWE"
"Jones, Deion";"DB";"ATL"
"Jones, Derrick";"DB";"NYJ"
"Jones, Dominique";"TE";"MIA"
"Jones, Don";"DB";"SFO"
"Jones, J.T.";"DL";"ATL"
"Jones, Jamaal";"WR";"LAC"
"Jones, Jarnor";"DB";"ATL"
"Jones, Jarron";"DL";"NYG"
"Jones, Jarvis";"DB";"ARI"
"Jones, Joe";"DB";"DAL"
"Jones, Jonathan";"DB";"NWE"
"Jones, Josh";"DB";"GNB"
"Jones, Julio";"WR";"ATL"
"Jones, Landry";"QB";"PIT"
"Jones, Lenny";"DL";"DAL"
"Jones, Marvin";"WR";"DET"
"Jones, Matt";"RB";"WAS"
"Jones, Nazair";"DL";"SEA"
"Jones, Reshad";"DB";"MIA"
"Jones, Seantavius";"WR";"K.C"
"Jones, Sidney";"DB";"PHI"
"Jones, T.J.";"WR";"DET"
"Jones, Taiwan";"RB";"OAK"
"Jones, Tevin";"WR";"K.C"
"Jones, Zay";"WR";"BUF"
"Jones-Quartey, Harold";"DB";"CHI"
"Jordan, Cameron";"DL";"NOR"
"Jordan, Dion";"DL";"SEA"
"Jordan, Michael";"DB";"LAR"
"Joseph, Dieugot";"OL";"CHI"
"Joseph, Johnathan";"DB";"HOU"
"Joseph, Karl";"DB";"OAK"
"Joseph, Linval";"DL";"MIN"
"Joseph, Roubbens";"OL";"BAL"
"Joyner, Lamarcus";"DB";"LAR"
"Judd, Akeem";"RB";"TEN"
"Judon, Matt";"DB";"BAL"
"Juszczyk, Kyle";"RB";"SFO"
"Kaaya, Brad";"QB";"DET"
"Kaepernick, Colin";"QB";"SFO"
"Kalil, Matt";"OL";"CAR"
"Kalil, Ryan";"OL";"CAR"
"Kalis, Kyle";"OL";"WAS"
"Kallon, Francis";"DL";"PIT"
"Kamalu, Ufomba";"DL";"HOU"
"Kamara, Alvin";"RB";"NOR"
"Karras, Ted";"OL";"NWE"
"Kasitati, Nila";"OL";"JAC"
"Kaufusi, Bronson";"DL";"BAL"
"Kazee, Damontae";"DB";"ATL"
"Kearse, Jayron";"DB";"MIN"
"Kearse, Jermaine";"WR";"SEA"
"Keenum, Case";"QB";"MIN"
"Keeton, Bryson";"DB";"NYJ"
"Kelce, Jason";"OL";"PHI"
"Kelce, Travis";"TE";"K.C"
"Kelemete, Senio";"OL";"NOR"
"Kelley, Rob";"RB";"WAS"
"Kelly, Chad";"QB";"DEN"
"Kelly, Dennis";"OL";"TEN"
"Kelly, Ryan";"OL";"IND"
"Kelsey, Keith";"DB";"PIT"
"Kemp, Marcus";"WR";"K.C"
"Kendricks, Eric";"DB";"MIN"
"Kendricks, Lance";"TE";"GNB"
"Kendricks, Mychal";"DB";"PHI"
"Kennard, Devon";"DB";"NYG"
"Keo, Shiloh";"DB";"NOR"
"Kerin, Zac";"OL";"MIN"
"Kerley, Jeremy";"WR";"SFO"
"Kerr, Zach";"DL";"DEN"
"Kerridge, Joe";"RB";"GNB"
"Kerrigan, Ryan";"DB";"WAS"
"Kessler, Cody";"QB";"CLE"
"Keyes, Josh";"DB";"ATL"
"Kidder, Caleb";"DL";"NWE"
"Kikaha, Hau'oli";"DB";"NOR"
"Kilgo, Darius";"DL";"NWE"
"Kilgore, Daniel";"OL";"SFO"
"Killebrew, Miles";"DB";"DET"
"Killings, D.J.";"DB";"NWE"
"Kindred, Derrick";"DB";"CLE"
"King, Akeem";"DB";"ATL"
"King, Brandon";"DB";"NWE"
"King, David";"DL";"K.C"
"King, Deon";"DB";"CLE"
"King, Desmond";"DB";"LAC"
"King, Jason";"OL";"NWE"
"King, Kevin";"DB";"GNB"
"King, Tavarres";"WR";"NYG"
"Kirkland, Denver";"OL";"OAK"
"Kirkpatrick, Dre";"DB";"CIN"
"Kirksey, Christian";"DB";"CLE"
"Kirsch, Mitchell";"OL";"CHI"
"Kirven, Korren";"OL";"TAM"
"Kittle, George";"TE";"SFO"
"Kizer, DeShone";"QB";"CLE"
"Klein, A.J.";"DB";"NOR"
"Kline, Josh";"OL";"TEN"
"Kling, John";"OL";"WAS"
"Klug, Karl";"DL";"TEN"
"Knappe, Andreas";"OL";"ATL"
"Knight, Trevor";"QB";"ARI"
"Knox, Jeff";"DB";"TAM"
"Koehn, Marshall";"K";"MIN"
"Koloamatangi, Leo";"OL";"DET"
"Koo, Younghoe";"K";"LAC"
"Kouandjio, Arie";"OL";"WAS"
"Kouandjio, Cyrus";"OL";"DET"
"Koyack, Ben";"TE";"JAC"
"Kozan, Alex";"OL";"LAR"
"Kpassagnon, Tanoh";"DL";"K.C"
"Krause, Jonathan";"WR";"TEN"
"Krieger-Coble, Henry";"TE";"IND"
"Kroft, Tyler";"TE";"CIN"
"Kruger, Paul";"DL";"NOR"
"Kublanow, Brandon";"OL";"BAL"
"Kuechly, Luke";"DB";"CAR"
"Kuhn, John";"RB";"NOR"
"Kumerow, Jake";"WR";"CIN"
"Kupp, Cooper";"WR";"LAR"
"Kush, Eric";"OL";"CHI"
"Kwiatkoski, Nick";"DB";"CHI"
"LaCosse, Matt";"TE";"NYG"
"LaFell, Brandon";"WR";"CIN"
"Lacey, Deon";"DB";"MIA"
"Lacy, Eddie";"RB";"SEA"
"Lambert, DaVonte";"DL";"TAM"
"Lambo, Josh";"K";"LAC"
"Lamm, Kendall";"OL";"HOU"
"Lamp, Forrest";"OL";"LAC"
"Lampkin, Ashton";"DB";"K.C"
"Lampman, Jake";"WR";"NOR"
"Lamur, Emmanuel";"DB";"MIN"
"Landrum, Chris";"DL";"LAC"
"Landry, Jarvis";"WR";"MIA"
"Lane, Jeremy";"DB";"SEA"
"Lane, Jerome";"WR";"NYG"
"Lang, Cedrick";"OL";"DEN"
"Lang, T.J.";"OL";"DET"
"Langford, Jeremy";"RB";"CHI"
"Langford, Kendall";"DL";"IND"
"Langi, Harvey";"DB";"NWE"
"Langley, Brendan";"DB";"DEN"
"Lanier, Anthony";"DL";"WAS"
"Larsen, Ted";"OL";"MIA"
"Larsen, Tyler";"OL";"CAR"
"Lasco, Daniel";"RB";"NOR"
"Laskey, Zach";"RB";"LAR"
"Latham, Darius";"DL";"OAK"
"Latimer, Cody";"WR";"DEN"
"Lattimore, Marshon";"DB";"NOR"
"Lauderdale, Andrew";"OL";"SFO"
"Laufasa, Darrin";"RB";"CIN"
"Lauvao, Shawn";"OL";"WAS"
"Lawler, Kenny";"WR";"SEA"
"Lawrence, Demarcus";"DL";"DAL"
"Lawrence, Des";"DB";"DET"
"Lawrence, Devaroe";"DL";"NOR"
"Lawrence, Rashad";"WR";"NOR"
"Lawson, Carl";"DB";"CIN"
"Lawson, Nevin";"DB";"DET"
"Lawson, Shaq";"DL";"BUF"
"LeBlanc, Cre'von";"DB";"CHI"
"LeRibeus, Josh";"OL";"NOR"
"Leamon, Javarius";"OL";"NYJ"
"Leary, Ronald";"OL";"DEN"
"Lechler, Landon";"OL";"CIN"
"Ledbetter, Jeremiah";"DL";"DET"
"Lee, Cameron";"OL";"CIN"
"Lee, Darron";"DB";"NYJ"
"Lee, Elijah";"DB";"MIN"
"Lee, Eric";"DB";"HOU"
"Lee, Khari";"TE";"DET"
"Lee, Marqise";"WR";"JAC"
"Lee, Marquel";"DB";"OAK"
"Lee, Sean";"DB";"DAL"
"Leff, Robert";"OL";"GNB"
"Leggett, Jordan";"TE";"NYJ"
"Lelito, Tim";"OL";"TEN"
"Lemonier, Corey";"DB";"NYJ"
"Lengel, Matt";"TE";"NWE"
"Leno Jr., Charles";"OL";"CHI"
"Lenoir, Lance";"WR";"DAL"
"Leonard, Richard";"DB";"HOU"
"Leslie, Darnell";"DL";"DAL"
"Leslie, Jordan";"WR";"CLE"
"Letuligasenoa, Josh";"DB";"GNB"
"Levin, Corey";"OL";"TEN"
"Levine, Anthony";"DB";"BAL"
"Levitre, Andy";"OL";"ATL"
"Levy, DeAndre";"DB";"DET"
"Levy, Richard";"OL";"SFO"
"Lewan, Taylor";"OL";"TEN"
"Lewis, Alex";"OL";"BAL"
"Lewis, Dezmin";"WR";"BUF"
"Lewis, Dion";"RB";"NWE"
"Lewis, Jourdan";"DB";"DAL"
"Lewis, Kendrick";"DB";"BAL"
"Lewis, LaTroy";"DB";"OAK"
"Lewis, Malcolm";"WR";"MIA"
"Lewis, Marcedes";"TE";"JAC"
"Lewis, Marquavius";"DL";"BUF"
"Lewis, Roger";"WR";"NYG"
"Lewis, Ryan";"DB";"ARI"
"Lewis, Thad";"QB";"SFO"
"Lewis, Tommylee";"WR";"NOR"
"Lewis-Harris, Chris";"DB";"DEN"
"Lewis-Moore, Kapron";"DL";"CHI"
"Liedtke, Michael";"OL";"TAM"
"Liggins, Jeremy";"DL";"SEA"
"Likely, William";"DB";"NWE"
"Linder, Brandon";"OL";"JAC"
"Lindsey, Jacob";"DB";"BUF"
"Line, Zach";"RB";"MIN"
"Linsley, Corey";"OL";"GNB"
"Lions, Detroit";"DEF";"DET"
"Lippett, Tony";"DB";"MIA"
"Lissemore, Sean";"DL";"LAC"
"Littleton, Cory";"DB";"LAR"
"Liufau, Sefo";"QB";"TAM"
"Liuget, Corey";"DL";"LAC"
"Llorens, De'Mard";"RB";"LAR"
"Lockett, Tyler";"WR";"SEA"
"Loewen, Mitchell";"DL";"NOR"
"Logan, Abner";"DB";"BUF"
"Logan, Bennie";"DL";"K.C"
"Logan, T.J.";"RB";"ARI"
"Lokombo, Boseko";"DB";"BAL"
"Long, Chris";"DL";"PHI"
"Long, Jake";"OL";"MIN"
"Long, Kyle";"OL";"CHI"
"Long, Spencer";"OL";"WAS"
"Longa, Steve";"DB";"DET"
"Longacre, Matt";"DL";"LAR"
"Looney, Joe";"OL";"DAL"
"Lotulelei, John";"DB";"DAL"
"Lotulelei, Star";"DL";"CAR"
"Louis, Lamar";"DB";"BAL"
"Louis, Ricardo";"WR";"CLE"
"Love, Kyle";"DL";"CAR"
"Lowery, Dwight";"DB";"LAC"
"Lowry, Dean";"DL";"GNB"
"Luani, Shalom";"DB";"OAK"
"Lucas, Cornelius";"OL";"DET"
"Lucas, Jordan";"DB";"MIA"
"Lucas, Marcus";"TE";"SEA"
"Lucas, Marquis";"OL";"ATL"
"Lucien, Devin";"WR";"NWE"
"Luck, Andrew";"QB";"IND"
"Luke, Cole";"DB";"CAR"
"Lunsford, Izaah";"DL";"GNB"
"Lupeamanu, Tueni";"DL";"JAC"
"Lutz, Wil";"K";"NOR"
"Lynch, Aaron";"DB";"SFO"
"Lynch, Cameron";"DB";"TAM"
"Lynch, Marshawn";"RB";"OAK"
"Lynch, Paxton";"QB";"DEN"
"Lynn, Jack";"DB";"ATL"
"Lyons, Caushaud";"DL";"LAR"
"Mabin, Greg";"DB";"BUF"
"Mabon, KeVonn";"WR";"TEN"
"Mabry, Ashaad";"DL";"NOR"
"Mack, Alex";"OL";"ATL"
"Mack, Khalil";"DL";"OAK"
"Mack, Marlon";"RB";"IND"
"Maclin, Jeremy";"WR";"BAL"
"Madaris, Monty";"WR";"CIN"
"Madden, Tre";"RB";"SEA"
"Magee, Josh";"WR";"ATL"
"Magee, Terrence";"RB";"CLE"
"Mager, Craig";"DB";"LAC"
"Magloire, Paul";"DB";"TAM"
"Magnuson, Erik";"OL";"SFO"
"Mahomes, Patrick";"QB";"K.C"
"Malleck, Ryan";"TE";"BAL"
"Mallett, Ryan";"QB";"BAL"
"Malone, Josh";"WR";"CIN"
"Malveaux, Cameron";"DL";"MIA"
"Mama, Damien";"OL";"K.C"
"Mancz, Greg";"OL";"HOU"
"Mangold, Nick";"OL";"NYJ"
"Manhertz, Chris";"TE";"CAR"
"Manning, Eli";"QB";"NYG"
"Mannion, Sean";"QB";"LAR"
"Manuel, EJ";"QB";"OAK"
"Maponga, Stansly";"DL";"NYG"
"Maragos, Chris";"DB";"PHI"
"March-Lillard, Justin";"DB";"K.C"
"Marcus, Jamal";"DL";"CLE"
"Mariani, Marc";"WR";"TEN"
"Mariota, Marcus";"QB";"TEN"
"Marks, Gabe";"WR";"NYJ"
"Marks, Sen'Derrick";"DL";"JAC"
"Marley, Nico";"DB";"WAS"
"Marlowe, Dean";"DB";"CAR"
"Marpet, Ali";"OL";"TAM"
"Marquez, Bradley";"WR";"LAR"
"Marsh, Cassius";"DL";"SEA"
"Marshall, Brandon";"DB";"DEN"
"Marshall, Brandon";"WR";"NYG"
"Marshall, Byron";"RB";"PHI"
"Marshall, Jalin";"WR";"NYJ"
"Martin, Doug";"RB";"TAM"
"Martin, Gabe";"DB";"ARI"
"Martin, Josh";"DB";"NYJ"
"Martin, Kareem";"DB";"ARI"
"Martin, Keshawn";"WR";"DET"
"Martin, Marcus";"OL";"CLE"
"Martin, Nick";"OL";"HOU"
"Martin, Ronald";"DB";"NYJ"
"Martin, Ross";"K";"NYJ"
"Martin, Zack";"OL";"DAL"
"Martin-Oguike, Praise";"DL";"MIA"
"Martinez, Blake";"DB";"GNB"
"Martino, Freddie";"WR";"TAM"
"Marz, Tyler";"OL";"TEN"
"Mason, Danny";"DB";"DEN"
"Mason, Shaq";"OL";"NWE"
"Mass, Gabriel";"DL";"CAR"
"Massie, Bobby";"OL";"CHI"
"Matakevich, Tyler";"DB";"PIT"
"Mathers, I'Tavius";"RB";"JAC"
"Mathews, Derrick";"DB";"GNB"
"Mathews, Mitch";"WR";"MIA"
"Mathews, Ricardo";"DL";"PIT"
"Mathews, Ryan";"RB";"PHI"
"Mathieu, Tyrann";"DB";"ARI"
"Mathis, Evan";"OL";"ARI"
"Mathis, Robert";"DB";"IND"
"Matias, Josue";"OL";"TEN"
"Matthews, Chris";"WR";"BAL"
"Matthews, Clay";"DB";"GNB"
"Matthews, Jake";"OL";"ATL"
"Matthews, Jordan";"WR";"PHI"
"Matthews, Mike";"OL";"PIT"
"Matthews, Rishard";"WR";"TEN"
"Maualuga, Rey";"DB";"CIN"
"Mauga, Josh";"DB";"K.C"
"Mauger, Quincy";"DB";"ATL"
"Mauldin, Lorenzo";"DB";"NYJ"
"Maulet, Arthur";"DB";"NOR"
"Maurice, Kevin";"DL";"JAC"
"Mauro, Josh";"DL";"ARI"
"Mauti, Michael";"DB";"NOR"
"Maxey, Johnny";"DL";"PIT"
"Maxwell, Byron";"DB";"MIA"
"Maye, K.J.";"WR";"NWE"
"Maye, Marcus";"DB";"NYJ"
"Mayle, Vince";"WR";"BAL"
"Mayo, David";"DB";"CAR"
"Mayowa, Benson";"DL";"DAL"
"Mays, Devante";"RB";"GNB"
"Mbu, Joey";"DL";"WAS"
"McBride, Tre";"WR";"TEN"
"McCaffrey, Christian";"RB";"CAR"
"McCaffrey, Max";"WR";"GNB"
"McCain, Bobby";"DB";"MIA"
"McCain, Brice";"DB";"TEN"
"McCain, Chris";"DL";"LAC"
"McCalister, Alex";"DL";"PHI"
"McCants, Matt";"OL";"CLE"
"McCarron, AJ";"QB";"CIN"
"McCarron, Riley";"WR";"HOU"
"McCaskill, Sam";"DL";"MIN"
"McClain, Robert";"DB";"TAM"
"McClain, Rolando";"DB";"DAL"
"McClain, Terrell";"DL";"WAS"
"McClellan, Albert";"DB";"BAL"
"McClellin, Shea";"DB";"NWE"
"McCloskey, Tyler";"RB";"SFO"
"McCluster, Dexter";"WR";"LAC"
"McCoil, Dexter";"DB";"LAC"
"McCord, Tyriq";"DB";"PIT"
"McCourty, Devin";"DB";"NWE"
"McCourty, Jason";"DB";"CLE"
"McCown, Josh";"QB";"NYJ"
"McCown, Luke";"QB";"DAL"
"McCoy, Colt";"QB";"WAS"
"McCoy, Gerald";"DL";"TAM"
"McCoy, LeSean";"RB";"BUF"
"McCray, Demetrius";"DB";"SEA"
"McCray, Justin";"OL";"GNB"
"McCray, Kelcie";"DB";"SEA"
"McCray, L.J.";"DB";"CAR"
"McCray, Lerentee";"DL";"JAC"
"McCullers-Sanders, Dan";"DL";"PIT"
"McDaniel, Tony";"DL";"NOR"
"McDermott, Conor";"OL";"NWE"
"McDonald, Adrian";"DB";"LAC"
"McDonald, Clinton";"DL";"TAM"
"McDonald, Dewey";"DB";"SEA"
"McDonald, Dexter";"DB";"OAK"
"McDonald, T.J.";"DB";"MIA"
"McDonald, Vance";"TE";"SFO"
"McDougald, Bradley";"DB";"SEA"
"McDougle, Dexter";"DB";"NYJ"
"McEvoy, Tanner";"WR";"SEA"
"McFadden, Darren";"RB";"DAL"
"McFadden, Leon";"DB";"DAL"
"McGee, Stacy";"DL";"WAS"
"McGill, Keith";"DB";"OAK"
"McGill, T.Y.";"DL";"IND"
"McGloin, Matt";"QB";"PHI"
"McGovern, Connor";"OL";"DEN"
"McGrath, Sean";"TE";"LAC"
"McGuire, Elijah";"RB";"NYJ"
"McKay, Mekale";"WR";"TEN"
"McKelvin, Leodis";"DB";"PHI"
"McKenzie, Isaiah";"WR";"DEN"
"McKinley, Takkarist";"DL";"ATL"
"McKinney, Benardrick";"DB";"HOU"
"McKinnon, Jeremiah";"DB";"WAS"
"McKinnon, Jerick";"RB";"MIN"
"McKissic, J.D.";"RB";"SEA"
"McLaughlin, Jonathan";"OL";"ARI"
"McLendon, Steve";"DL";"NYJ"
"McLeod, Rodney";"DB";"PHI"
"McManis, Sherrick";"DB";"CHI"
"McManus, Brandon";"K";"DEN"
"McMillan, Raekwon";"DB";"MIA"
"McNamara, Taylor";"TE";"CLE"
"McNary, Josh";"DB";"JAC"
"McNichols, Jeremy";"RB";"TAM"
"McPhee, Pernell";"DB";"CHI"
"McQuay, Leon III";"DB";"K.C"
"McRae, Tony";"DB";"CIN"
"McRoberts, Paul";"WR";"LAR"
"McTyer, Torry";"DB";"MIA"
"McWilson, Marcus";"DB";"OAK"
"Means, Steven";"DL";"PHI"
"Mebane, Brandon";"DL";"LAC"
"Meder, Jamie";"DL";"CLE"
"Meeks, Jonathan";"DB";"BUF"
"Melifonwu, Obi";"DB";"OAK"
"Melvin, Rashaan";"DB";"IND"
"Mercilus, Whitney";"DB";"HOU"
"Meredith, Cameron";"WR";"CHI"
"Metz, Jake";"DL";"BUF"
"Mewhort, Jack";"OL";"IND"
"Meyer, Mike";"K";"ATL"
"Michael, Christine";"RB";"IND"
"Mickens, Jaydon";"WR";"OAK"
"Middleton, Doug";"DB";"NYJ"
"Mihalik, Brian";"OL";"PIT"
"Milano, Matt";"DB";"BUF"
"Miles, Rontez";"DB";"NYJ"
"Miley, Arthur";"DL";"MIA"
"Miller, Braxton";"WR";"HOU"
"Miller, Harlan";"DB";"ARI"
"Miller, John";"OL";"BUF"
"Miller, Lamar";"RB";"HOU"
"Miller, Roy";"DL";"JAC"
"Miller, Von";"DB";"DEN"
"Miller, Zach";"TE";"CHI"
"Milligan, Rolan";"DB";"DET"
"Mills, Jalen";"DB";"PHI"
"Milton, Chris";"DB";"IND"
"Milton, Keavon";"OL";"PIT"
"Mingo, Barkevious";"DB";"IND"
"Minter, Kevin";"DB";"CIN"
"Mitchel, Tevin";"DB";"IND"
"Mitchell, Earl";"DL";"SFO"
"Mitchell, Malcolm";"WR";"NWE"
"Mitchell, Mike";"DB";"PIT"
"Mitchell, Terrance";"DB";"K.C"
"Mixon, Joe";"RB";"CIN"
"Mizzell, Taquan";"RB";"BAL"
"Moats, Arthur";"DB";"PIT"
"Momah, Ifeanyi";"TE";"ARI"
"Moncrief, Donte";"WR";"IND"
"Montgomery, Ty";"RB";"GNB"
"Moore, Alonzo";"WR";"K.C"
"Moore, Charmeachealle";"DB";"LAC"
"Moore, Chris";"WR";"BAL"
"Moore, Corey";"DB";"HOU"
"Moore, David";"WR";"SEA"
"Moore, Jordan";"DB";"ATL"
"Moore, Kellen";"QB";"DAL"
"Moore, Kenny";"DB";"NWE"
"Moore, Matt";"QB";"MIA"
"Moore, Rahim";"DB";"NYG"
"Moore, Sio";"DB";"HOU"
"Moore, Sterling";"DB";"NOR"
"Moore, Steven";"OL";"TEN"
"Moore, Zach";"DL";"CAR"
"Moreau, Fabian";"DB";"WAS"
"Morgan, David";"TE";"MIN"
"Morgan, Derrick";"DB";"TEN"
"Morgan, Drew";"WR";"MIA"
"Morgan, Jordan";"OL";"CHI"
"Morgan, Mike";"DB";"SEA"
"Morris, Alfred";"RB";"DAL"
"Morris, Darryl";"DB";"IND"
"Morris, Romar";"RB";"NYJ"
"Morris, Stephen";"QB";"IND"
"Morrison, Antonio";"DB";"IND"
"Morrow, Nicholas";"DB";"OAK"
"Morse, Mitch";"OL";"K.C"
"Moses, Morgan";"OL";"WAS"
"Mosley, C.J.";"DB";"BAL"
"Moss, Avery";"DL";"NYG"
"Mostert, Raheem";"RB";"SFO"
"Moton, Taylor";"OL";"CAR"
"Mount, Deiontrez";"DB";"IND"
"Moxey, Jonathan";"DB";"TAM"
"Mudge, Jordan";"OL";"BUF"
"Muhammad, Al-Quadin";"DL";"NOR"
"Muhammad, Khalfani";"RB";"TEN"
"Muir, Blake";"OL";"IND"
"Mullaney, Richard";"WR";"CLE"
"Mullens, Nick";"QB";"SFO"
"Mulligan, Matthew";"TE";"DET"
"Mulumba, Andy";"DB";"LAR"
"Mundt, Johnny";"TE";"LAR"
"Munnerlyn, Captain";"DB";"CAR"
"Munson, Calvin";"DB";"NYG"
"Munyer, Daniel";"OL";"ARI"
"Murphy, Kyle";"OL";"GNB"
"Murphy, Marcus";"RB";"NYJ"
"Murphy, Pace";"OL";"LAR"
"Murphy, Ryan";"DB";"NYG"
"Murphy, Trent";"DB";"WAS"
"Murray, DeMarco";"RB";"TEN"
"Murray, Eric";"DB";"K.C"
"Murray, Justin";"OL";"DEN"
"Murray, Latavius";"RB";"MIN"
"Murray, Najee";"DB";"CLE"
"Myers, Brandon";"TE";"TAM"
"Myers, Jason";"K";"JAC"
"Myers, Robert";"OL";"SEA"
"Myrick, Jalen";"DB";"JAC"
"Nacua, Kai";"DB";"CLE"
"Nash, Anthony";"WR";"DEN"
"Nassib, Carl";"DL";"CLE"
"Nassib, Ryan";"QB";"NOR"
"Natson, JoJo";"WR";"IND"
"Neal, Keanu";"DB";"ATL"
"Neal, Lewis";"DL";"DAL"
"Neary, Aaron";"OL";"PHI"
"Neasman, Sharrod";"DB";"ATL"
"Nelson, Corey";"DB";"DEN"
"Nelson, Dontrell";"DB";"DEN"
"Nelson, J.J.";"WR";"ARI"
"Nelson, J.R.";"DB";"K.C"
"Nelson, Jordy";"WR";"GNB"
"Nelson, Reggie";"DB";"OAK"
"Nelson, Robert";"DB";"HOU"
"Nelson, Steven";"DB";"K.C"
"Nembot, Stephane";"OL";"BAL"
"Newby, Terrell";"RB";"MIN"
"Newhouse, Marshall";"OL";"OAK"
"Newman, Terence";"DB";"MIN"
"Newsom, Donavin";"DB";"SFO"
"Newton, Cam";"QB";"CAR"
"Newton, Derek";"OL";"HOU"
"Ngakoue, Yannick";"DL";"JAC"
"Ngata, Haloti";"DL";"DET"
"Nicholson, Montae";"DB";"WAS"
"Nickerson, Hardy";"DB";"CIN"
"Nicolas, Dadi";"DB";"K.C"
"Niklas, Troy";"TE";"ARI"
"Nix-Jones, Roosevelt";"RB";"PIT"
"Njoku, David";"TE";"CLE"
"Nkemdiche, Robert";"DL";"ARI"
"Norman, Josh";"DB";"WAS"
"Norris, Jared";"DB";"CAR"
"Norton, Storm";"OL";"DET"
"Norwell, Andrew";"OL";"CAR"
"Norwood, Jordan";"WR";"DEN"
"Norwood, Kevin";"WR";"NYG"
"Novak, Nick";"K";"HOU"
"Nsekhe, Ty";"OL";"WAS"
"Nunez-Roches, Rakeem";"DL";"K.C"
"Nwachukwu, Noble";"DL";"SFO"
"Nwachukwu, Uzoma";"WR";"DAL"
"Nzeocha, Eric";"DB";"TAM"
"Nzeocha, Mark";"DB";"DAL"
"O'Brien, Kitt";"OL";"CLE"
"O'Connor, Pat";"DL";"DET"
"O'Leary, Nick";"TE";"BUF"
"O'Malley, Ryan";"TE";"OAK"
"O'Neal, Cedric";"RB";"BUF"
"O'Shaughnessy, James";"TE";"NWE"
"Obada, Efe";"DL";"CAR"
"Ochi, Victor";"DB";"TEN"
"Odenigbo, Ifeadi";"DL";"MIN"
"Odhiambo, Rees";"OL";"SEA"
"Odighizuwa, Owa";"DL";"NYG"
"Odom, Chris";"DL";"ATL"
"Odom, Phazahn";"TE";"PIT"
"Odrick, Jared";"DL";"JAC"
"Ogbah, Emmanuel";"DL";"CLE"
"Ogbuehi, Cedric";"OL";"CIN"
"Ogletree, Alec";"DB";"LAR"
"Ogunbowale, Dare";"RB";"HOU"
"Ogunjobi, Larry";"DL";"CLE"
"Oher, Michael";"OL";"CAR"
"Okafor, Alex";"DL";"NOR"
"Okine, Earl";"DB";"K.C"
"Okoye, Lawrence";"DL";"MIA"
"Okung, Russell";"OL";"LAC"
"Okwara, Romeo";"DL";"NYG"
"Ola, Michael";"OL";"BUF"
"Olatoye, Deji";"DB";"ATL"
"Olawale, Jamize";"RB";"OAK"
"Oliver, Branden";"RB";"LAC"
"Olsen, Greg";"TE";"CAR"
"Olugbode, Kenneth";"DB";"CLE"
"Omameh, Patrick";"OL";"JAC"
"Omoile, Oni";"OL";"OAK"
"Onwualu, James";"DB";"LAC"
"Onwuasor, Patrick";"DB";"BAL"
"Onyemata, David";"DL";"NOR"
"Orakpo, Brian";"DB";"TEN"
"Orchard, Nate";"DL";"CLE"
"Orimolade, Folarin";"DB";"LAR"
"Orlosky, Tyler";"OL";"PHI"
"Orlovsky, Dan";"QB";"LAR"
"Orndoff, Scott";"TE";"PIT"
"Ortiz, Ricky";"RB";"BAL"
"Osemele, Kelechi";"OL";"OAK"
"Osweiler, Brock";"QB";"CLE"
"Owusu, Francis";"WR";"MIA"
"Packers, Green Bay";"DEF";"GNB"
"Paea, Stephen";"DL";"DAL"
"Paige, Mitchell";"WR";"LAC"
"Painter, Vinston";"OL";"WAS"
"Palacio, Kache";"DB";"SEA"
"Palepoi, Tenny";"DL";"LAC"
"Palmer, Carson";"QB";"ARI"
"Palmer, Nate";"DB";"TEN"
"Pamphile, Kevin";"OL";"TAM"
"Panfil, Evan";"DL";"TAM"
"Pankey, Adam";"OL";"GNB"
"Pantale, Chris";"TE";"MIA"
"Panthers, Carolina";"DEF";"CAR"
"Paradis, Matt";"OL";"DEN"
"Parker, Brian";"TE";"NYJ"
"Parker, DeVante";"WR";"MIA"
"Parker, Ron";"DB";"K.C"
"Parkey, Cody";"K";"CLE"
"Parks, Will";"DB";"DEN"
"Parms, Damian";"DB";"CAR"
"Parnell, Jermey";"OL";"JAC"
"Parry, David";"DL";"IND"
"Pascal, Zach";"WR";"WAS"
"Pascascio, Gio";"WR";"TEN"
"Pasztor, Austin";"OL";"CLE"
"Patmon, Tyler";"DB";"JAC"
"Patrick, Lucas";"OL";"GNB"
"Patrick, Ronald";"OL";"WAS"
"Patrick, Tim";"WR";"SFO"
"Patriots, New England";"DEF";"NWE"
"Patterson, Cordarrelle";"WR";"OAK"
"Patton, Andre";"WR";"LAC"
"Patton, Quinton";"WR";"NYJ"
"Paul, Niles";"TE";"WAS"
"Paulsen, Logan";"TE";"SFO"
"Payne, Donald";"DB";"BAL"
"Paysinger, Spencer";"DB";"NYJ"
"Payton, Jordan";"WR";"CLE"
"Peake, Charone";"WR";"NYJ"
"Pearson, Colby";"WR";"GNB"
"Peat, Andrus";"OL";"NOR"
"Peck, Aaron";"TE";"GNB"
"Peerman, Cedric";"RB";"CIN"
"Peko, Domata";"DL";"DEN"
"Peko, Kyle";"DL";"DEN"
"Pelon, Claude";"DL";"NYJ"
"Pennel, Mike";"DL";"NYJ"
"Penny, Elijhaa";"RB";"ARI"
"Penton, Aarion";"DB";"LAR"
"Peppers, Jabrill";"DB";"CLE"
"Peppers, Julius";"DL";"CAR"
"Pericak, Will";"OL";"SEA"
"Perine, Samaje";"RB";"WAS"
"Perkins, Josh";"TE";"ATL"
"Perkins, Kent";"OL";"CIN"
"Perkins, Paul";"RB";"NYG"
"Perriman, Breshad";"WR";"BAL"
"Perry, Joshua";"DB";"LAC"
"Perry, Nick";"DB";"GNB"
"Perry, Senorise";"RB";"MIA"
"Perryman, Denzel";"DB";"LAC"
"Person, Mike";"OL";"K.C"
"Peterman, Nathan";"QB";"BUF"
"Peters, Brian";"DB";"HOU"
"Peters, Corey";"DL";"ARI"
"Peters, Jason";"OL";"PHI"
"Peters, Marcus";"DB";"K.C"
"Peters, Otha";"DB";"SEA"
"Peterson, Adrian";"RB";"NOR"
"Peterson, Kevin";"DB";"LAR"
"Peterson, Patrick";"DB";"ARI"
"Petty, Bryce";"QB";"NYJ"
"Phillips, Adrian";"DB";"LAC"
"Phillips, Andy";"K";"CHI"
"Phillips, Carroll";"DL";"JAC"
"Phillips, Dashaun";"DB";"WAS"
"Phillips, John";"TE";"NOR"
"Phillips, Jordan";"DL";"MIA"
"Phillips, Kalif";"RB";"GNB"
"Philon, Darius";"DL";"LAC"
"Philon, Roy";"DL";"PIT"
"Pierce, Bernard";"RB";"DEN"
"Pierce, Michael";"DL";"BAL"
"Pierre, Olsen";"DL";"ARI"
"Pierre-Louis, Kevin";"DB";"K.C"
"Pierre-Paul, Jason";"DL";"NYG"
"Pinkard, Larry";"WR";"JAC"
"Pinkins, Eric";"DB";"NYG"
"Pipkins, Lenzy";"DB";"GNB"
"Pipkins, Ondre";"DL";"WAS"
"Pirsig, Jonah";"OL";"TEN"
"Pitta, Dennis";"TE";"BAL"
"Pitts, Lafayette";"DB";"MIA"
"Pleasant, Eddie";"DB";"HOU"
"Pocic, Ethan";"OL";"SEA"
"Poe, Dontari";"DL";"ATL"
"Poehls, William";"OL";"CHI"
"Ponder, Christian";"QB";"SFO"
"Poole, Brian";"DB";"ATL"
"Poole, Terry";"OL";"MIA"
"Pope, Troymaine";"RB";"IND"
"Porter, Reggie";"DB";"BAL"
"Porter, Sean";"DB";"JAC"
"Porter, Tracy";"DB";"CHI"
"Posluszny, Paul";"DB";"JAC"
"Pouncey, Maurkice";"OL";"PIT"
"Pouncey, Mike";"OL";"MIA"
"Poutasi, Jeremiah";"OL";"JAC"
"Powe, Darius";"WR";"NYG"
"Powell, Bilal";"RB";"NYJ"
"Powell, Joe";"DB";"BUF"
"Powell, Ronald";"DB";"SEA"
"Powell, Tyvis";"DB";"IND"
"Powell, Walt";"WR";"BUF"
"Powers, Jerraud";"DB";"BAL"
"Poyer, Jordan";"DB";"BUF"
"Prater, Matt";"K";"DET"
"Pratt, Dayon";"DB";"HOU"
"Prescott, Dak";"QB";"DAL"
"President, Gimel";"DB";"HOU"
"Price, Brian";"DL";"GNB"
"Price, Ejuan";"DL";"LAR"
"Price, Givens";"OL";"ARI"
"Price, Jabari";"DB";"MIN"
"Price, Josiah";"TE";"MIN"
"Price, Norman";"OL";"SFO"
"Price, Sheldon";"DB";"BAL"
"Pringle, Raysean";"DB";"GNB"
"Prosch, Jay";"RB";"HOU"
"Prosinski, Chris";"DB";"CHI"
"Prosise, C.J.";"RB";"SEA"
"Pruitt, MyCole";"TE";"CHI"
"Pryor, Calvin";"DB";"CLE"
"Pryor, Terrelle";"WR";"WAS"
"Pugh, Justin";"OL";"NYG"
"Pughsley, Jarrod";"OL";"BAL"
"Pullard, Hayes";"DB";"JAC"
"Pulley, Spencer";"OL";"LAC"
"Pumphrey, DJ";"RB";"PHI"
"Purcell, Mike";"DL";"LAR"
"Pyke, Greg";"OL";"BUF"
"Qualls, Elijah";"DL";"PHI"
"Quessenberry, David";"OL";"HOU"
"Quick, Brian";"WR";"WAS"
"Quick, James";"WR";"WAS"
"Quin, Glover";"DB";"DET"
"Quinn, Robert";"DB";"LAR"
"Qvale, Brent";"OL";"NYJ"
"Ragland, Reggie";"DB";"BUF"
"Raiders, Oakland";"DEF";"OAK"
"Rainey, Bobby";"RB";"BAL"
"Rambo, Bacarri";"DB";"BUF"
"Ramczyk, Ryan";"OL";"NOR"
"Rams, Los Angeles";"DEF";"LAR"
"Ramsey, Jalen";"DB";"JAC"
"Randall, Damarious";"DB";"GNB"
"Randle, Rueben";"WR";"CHI"
"Rankins, Sheldon";"DL";"NOR"
"Rashad, Shakeel";"DB";"HOU"
"Ravens, Baltimore";"DEF";"BAL"
"Rawls, Thomas";"RB";"SEA"
"Ray, Shane";"DB";"DEN"
"Raymond, Kalif";"WR";"DEN"
"Reader, D.J.";"DL";"HOU"
"Reaser, Keith";"DB";"SFO"
"Rector, Michael";"WR";"DET"
"Reddick, Haason";"DB";"ARI"
"Redding, Devine";"RB";"K.C"
"Redmond, Adam";"OL";"IND"
"Redmond, Alex";"OL";"CIN"
"Redmond, Will";"DB";"SFO"
"Redskins, Washington";"DEF";"WAS"
"Reece, Marcel";"RB";"SEA"
"Reed, Brooks";"DL";"ATL"
"Reed, Chris";"OL";"JAC"
"Reed, Jarran";"DL";"SEA"
"Reed, Jordan";"TE";"WAS"
"Reed, Kalan";"DB";"TEN"
"Reed, Trovon";"DB";"LAC"
"Reedy, Bernard";"WR";"TAM"
"Reeves-Maybin, Jalen";"DB";"DET"
"Reid, Caraun";"DL";"LAC"
"Reid, Eric";"DB";"SFO"
"Reid, Jah";"OL";"K.C"
"Reid, Ryan";"DB";"LAC"
"Reiff, Riley";"OL";"MIN"
"Reilly, Brandon";"WR";"BUF"
"Reilly, Trevor";"DB";"MIA"
"Reiter, Austin";"OL";"CLE"
"Remmers, Mike";"OL";"MIN"
"Renew, Tyler";"RB";"ATL"
"Revis, Darrelle";"DB";"NYJ"
"Rey, Vincent";"DB";"CIN"
"Reyes, Kendall";"DL";"K.C"
"Reynolds, Chase";"RB";"LAR"
"Reynolds, Ed";"DB";"CLE"
"Reynolds, Josh";"WR";"LAR"
"Reynolds, Keenan";"WR";"BAL"
"Reynolds, LaRoy";"DB";"ATL"
"Reynolds, Rashaad";"DB";"CHI"
"Rhodes, Luke";"DB";"IND"
"Rhodes, Xavier";"DB";"MIN"
"Ricard, Patrick";"DL";"BAL"
"Rice, Denzel";"DB";"HOU"
"Rich, Max";"OL";"NWE"
"Richard, Jalen";"RB";"OAK"
"Richards, Jeff";"DB";"CAR"
"Richards, Jordan";"DB";"NWE"
"Richardson, Cyril";"OL";"CHI"
"Richardson, Daryl";"RB";"JAC"
"Richardson, Horace";"DB";"MIN"
"Richardson, Paul";"WR";"SEA"
"Richardson, Sheldon";"DL";"NYJ"
"Richburg, Weston";"OL";"NYG"
"Riddick, Theo";"RB";"DET"
"Ridgeway, Hassan";"DL";"IND"
"Ridley, Stevan";"RB";"DEN"
"Riggs, Cody";"DB";"TAM"
"Riley, Curtis";"DB";"TEN"
"Riley, Duke";"DB";"ATL"
"Riley, Perry";"DB";"OAK"
"Ringo, Christian";"DL";"GNB"
"Rios, Marcus";"DB";"DEN"
"Ripkowski, Aaron";"RB";"GNB"
"Rivera, Mychal";"TE";"JAC"
"Rivers, David";"DB";"NYJ"
"Rivers, Derek";"DL";"NWE"
"Rivers, Philip";"QB";"LAC"
"Robbins, C.J.";"DL";"TEN"
"Roberson, Marcus";"DB";"HOU"
"Roberson, Tre";"DB";"MIN"
"Roberts, Andre";"WR";"ATL"
"Roberts, Darryl";"DB";"NYJ"
"Roberts, Elandon";"DB";"NWE"
"Roberts, Michael";"TE";"DET"
"Roberts, Seth";"WR";"OAK"
"Robertson, Craig";"DB";"NOR"
"Robertson, Pete";"DB";"WAS"
"Robertson-Harris, Roy";"DB";"CHI"
"Robey-Coleman, Nickell";"DB";"LAR"
"Robinson, A'Shawn";"DL";"DET"
"Robinson, Aldrick";"WR";"SFO"
"Robinson, Allen";"WR";"JAC"
"Robinson, Cam";"OL";"JAC"
"Robinson, Corey";"OL";"DET"
"Robinson, Demarcus";"WR";"K.C"
"Robinson, Denard";"RB";"JAC"
"Robinson, Edmond";"DB";"MIN"
"Robinson, Ezra";"DB";"JAC"
"Robinson, Greg";"OL";"DET"
"Robinson, Jamal";"WR";"JAC"
"Robinson, Josh";"DB";"TAM"
"Robinson, Keenan";"DB";"NYG"
"Robinson, Khiry";"RB";"NYJ"
"Robinson, Patrick";"DB";"PHI"
"Robinson, Rashard";"DB";"SFO"
"Robinson, Trey";"DB";"NYG"
"Robinson-Woodgett, John";"RB";"NOR"
"Robison, Brian";"DL";"MIN"
"Roby, Bradley";"DB";"DEN"
"Rochell, Isaac";"DL";"LAC"
"Rodgers, Aaron";"QB";"GNB"
"Rodgers, Jacquizz";"RB";"TAM"
"Rodgers, Jake";"OL";"PIT"
"Rodgers, Richard";"TE";"GNB"
"Rodgers-Cromartie, Dominique";"DB";"NYG"
"Roethlisberger, Ben";"QB";"PIT"
"Rogers, Chester";"WR";"IND"
"Rogers, Darreus";"WR";"SEA"
"Rogers, Eli";"WR";"PIT"
"Rogers, Sam";"RB";"LAR"
"Rollins, Quinten";"DB";"GNB"
"Rome, Jay";"TE";"PIT"
"Roos, Jordan";"OL";"SEA"
"Rosas, Aldrick";"K";"NYG"
"Rose, Nick";"K";"SFO"
"Ross, Daniel";"DL";"HOU"
"Ross, Fred";"WR";"CAR"
"Ross, Jeremy";"WR";"ARI"
"Ross, John";"WR";"CIN"
"Ross, Rashad";"WR";"BUF"
"Rotheram, Matt";"OL";"DET"
"Roullier, Chase";"OL";"WAS"
"Rowe, Eric";"DB";"NWE"
"Royal, Eddie";"WR";"CHI"
"Rubin, Ahtyba";"DL";"SEA"
"Rucker, Frostee";"DL";"ARI"
"Rudock, Jake";"QB";"DET"
"Rudolph, Kyle";"TE";"MIN"
"Rudolph, Travis";"WR";"NYG"
"Rush, Cooper";"QB";"DAL"
"Rush, Marcus";"DB";"K.C"
"Russell, Alonzo";"WR";"CIN"
"Russell, KeiVarae";"DB";"CIN"
"Russell, Ryan";"DL";"TAM"
"Ryan, Jake";"DB";"GNB"
"Ryan, Logan";"DB";"TEN"
"Ryan, Matt";"QB";"ATL"
"Ryan, Shakeir";"WR";"LAR"
"Saffold, Rodger";"OL";"LAR"
"Saint Fleur, Joby";"DL";"MIA"
"Saints, New Orleans";"DEF";"NOR"
"Salako, Victor";"OL";"PHI"
"Sambrailo, Ty";"OL";"DEN"
"Sample, James";"DB";"JAC"
"Samuel, Curtis";"WR";"CAR"
"Sanchez, Mark";"QB";"CHI"
"Sanchez, Zack";"DB";"CAR"
"Sanders, B.T.";"DB";"BUF"
"Sanders, Emmanuel";"WR";"DEN"
"Sandland, Beau";"TE";"GNB"
"Sanford, Jamarca";"DB";"NOR"
"Sankey, Bishop";"RB";"MIN"
"Sankey, Darnell";"DB";"MIN"
"Santos, Cairo";"K";"K.C"
"Sanu, Mohamed";"WR";"ATL"
"Saubert, Eric";"TE";"ATL"
"Savage, Tom";"QB";"HOU"
"Saxton, Wes";"TE";"BUF"
"Sayles, Casey";"DL";"LAR"
"Sayles, Marcus";"DB";"BUF"
"Scandrick, Orlando";"DB";"DAL"
"Scarlett, Brennan";"DB";"HOU"
"Scearce, Alex";"DB";"CHI"
"Schaub, Matt";"QB";"ATL"
"Scherff, Brandon";"OL";"WAS"
"Scheu, Steven";"TE";"DEN"
"Schobert, Joe";"DB";"CLE"
"Schofield, Michael";"OL";"DEN"
"Schraeder, Ryan";"OL";"ATL"
"Schreck, Mason";"TE";"CIN"
"Schult, Karter";"DL";"CLE"
"Schwan, Evan";"DL";"NYG"
"Schwartz, Mitchell";"OL";"K.C"
"Schweitzer, Wes";"OL";"ATL"
"Schwenke, Brian";"OL";"IND"
"Scott, Artavis";"WR";"LAC"
"Scott, Chris";"OL";"CAR"
"Scott, Rashawn";"WR";"MIA"
"Scruggs, Greg";"TE";"NWE"
"Seahawks, Seattle";"DEF";"SEA"
"Seales, Jhajuan";"WR";"TAM"
"Seals-Jones, Ricky";"TE";"ARI"
"Seamster, Sammy";"DB";"DAL"
"Searcy, Da'Norris";"DB";"TEN"
"Seaton, Brad";"OL";"TEN"
"Seau, Ian";"DL";"BUF"
"Seferian-Jenkins, Austin";"TE";"NYJ"
"Semisch, Tim";"TE";"TEN"
"Sendejo, Andrew";"DB";"MIN"
"Senior, Justin";"OL";"SEA"
"Sensabaugh, Coty";"DB";"PIT"
"Seumalo, Isaac";"OL";"PHI"
"Severin, Canaan";"WR";"PIT"
"Seymour, Kevon";"DB";"BUF"
"Shabazz, Al-Hajj";"DB";"BAL"
"Shaheen, Adam";"TE";"CHI"
"Shakir, Maurquice";"OL";"BAL"
"Sharp, Hunter";"WR";"DEN"
"Sharpe, David";"OL";"OAK"
"Sharpe, Tajae";"WR";"TEN"
"Shatley, Tyler";"OL";"JAC"
"Shaw, Connor";"QB";"CHI"
"Shaw, Josh";"DB";"CIN"
"Shazier, Ryan";"DB";"PIT"
"Shead, DeShawn";"DB";"SEA"
"Sheard, Jabaal";"DB";"IND"
"Shelby, Derrick";"DL";"ATL"
"Sheldon, Brady";"DB";"OAK"
"Shell, Brandon";"OL";"NYJ"
"Shelton, Danny";"DL";"CLE"
"Shelton, R.J.";"WR";"MIN"
"Shelton, Sojourn";"DB";"ARI"
"Shepard, Russell";"WR";"CAR"
"Shepard, Sterling";"WR";"NYG"
"Shepherd, Austin";"OL";"MIN"
"Sheppard, Kelvin";"DB";"NYG"
"Sherels, Marcus";"DB";"MIN"
"Sherman, Anthony";"RB";"K.C"
"Sherman, Richard";"DB";"SEA"
"Shields, Sam";"DB";"GNB"
"Shipley, A.Q.";"OL";"ARI"
"Shippen, Brandon";"WR";"LAR"
"Shittu, Aziz";"DL";"PHI"
"Short, Kawann";"DL";"CAR"
"Shorts, Cecil";"WR";"TAM"
"Shorts, Daikiel";"WR";"BUF"
"Showers, Jameill";"DB";"DAL"
"Sickels, Garrett";"DB";"IND"
"Siemian, Trevor";"QB";"DEN"
"Silatolu, Amini";"OL";"CAR"
"Silberman, Ian";"OL";"OAK"
"Siliga, Sealver";"DL";"TAM"
"Simmons, Jalen";"RB";"CAR"
"Simmons, Jordan";"OL";"OAK"
"Simmons, Justin";"DB";"DEN"
"Simms, Matt";"QB";"ATL"
"Simon, Deon";"DL";"NYJ"
"Simon, John";"DB";"IND"
"Simon, Tharold";"DB";"WAS"
"Simone, Jordan";"DB";"SEA"
"Simonich, Jake";"OL";"TEN"
"Simonson, Scott";"TE";"CAR"
"Sims, Blake";"RB";"TAM"
"Sims, Charles";"RB";"TAM"
"Sims, Dion";"TE";"CHI"
"Sims, Eugene";"DL";"LAR"
"Sims, LeShaun";"DB";"TEN"
"Sims, Pat";"DL";"CIN"
"Sinkfield, Terrell";"DB";"MIN"
"Siragusa, Nico";"OL";"BAL"
"Sirles, Jeremiah";"OL";"MIN"
"Sitton, Josh";"OL";"CHI"
"Skinner, Deontae";"DB";"NYG"
"Skipper, Dan";"OL";"DAL"
"Skrine, Buster";"DB";"NYJ"
"Skura, Matt";"OL";"BAL"
"Skuta, Dan";"DB";"CHI"
"Slade, Chad";"OL";"HOU"
"Slater, Matthew";"WR";"NWE"
"Slauson, Matt";"OL";"LAC"
"Slay, Darius";"DB";"DET"
"Sloter, Kyle";"QB";"DEN"
"Smallwood, Wendell";"RB";"PHI"
"Smart, Tanzel";"DL";"LAR"
"Smelter, DeAndre";"WR";"SFO"
"Smith, Aldon";"DB";"OAK"
"Smith, Alex";"QB";"K.C"
"Smith, Andre";"OL";"CIN"
"Smith, Antone";"RB";"TAM"
"Smith, Antonio";"DL";"HOU"
"Smith, C.J.";"DB";"PHI"
"Smith, Chris";"DL";"CIN"
"Smith, D'Joun";"DB";"TEN"
"Smith, Daryl";"DB";"TAM"
"Smith, De'Veon";"RB";"MIA"
"Smith, Derron";"DB";"CIN"
"Smith, Devin";"WR";"NYJ"
"Smith, Donovan";"OL";"TAM"
"Smith, Eric";"OL";"MIA"
"Smith, Evan";"OL";"TAM"
"Smith, Garrison";"DL";"SEA"
"Smith, Geno";"QB";"NYG"
"Smith, Harrison";"DB";"MIN"
"Smith, Jacquies";"DL";"TAM"
"Smith, Jaylon";"DB";"DAL"
"Smith, Jimmy";"DB";"BAL"
"Smith, Jonnu";"TE";"TEN"
"Smith, Keith";"RB";"DAL"
"Smith, Lee";"TE";"OAK"
"Smith, Malcolm";"DB";"SFO"
"Smith, Malik";"DB";"HOU"
"Smith, Marcus";"DB";"SEA"
"Smith, Maurice";"DB";"MIA"
"Smith, Preston";"DB";"WAS"
"Smith, Rodney";"WR";"SEA"
"Smith, Rod";"RB";"DAL"
"Smith, Ryan";"DB";"TAM"
"Smith, Sean";"DB";"OAK"
"Smith, Shane";"RB";"NYG"
"Smith, Steve";"WR";"BAL"
"Smith, Telvin";"DB";"JAC"
"Smith, Terrance";"DB";"K.C"
"Smith, Tevaun";"WR";"IND"
"Smith, Torrey";"WR";"PHI"
"Smith, Tye";"DB";"TEN"
"Smith, Tyron";"OL";"DAL"
"Smith, Za'Darius";"DB";"BAL"
"Smith-Schuster, JuJu";"WR";"PIT"
"Smithson, Fish";"DB";"WAS"
"Smoot, Dawuane";"DL";"JAC"
"Snead, Kevin";"WR";"NYG"
"Snead, Willie";"WR";"NOR"
"Snyder, Kevin";"DB";"DEN"
"Sokoli, Kristjan";"OL";"NOR"
"Solder, Nate";"OL";"NWE"
"Soliai, Paul";"DL";"CAR"
"Sorensen, Daniel";"DB";"K.C"
"Soto, Shakir";"DL";"DEN"
"Southward, Dezmen";"DB";"CAR"
"Sowell, Bradley";"OL";"CHI"
"Spadola, Ryan";"WR";"DET"
"Spaight, Martrell";"DB";"WAS"
"Spain, Quinton";"OL";"TEN"
"Spelman, Mark";"OL";"TEN"
"Spence, Akeem";"DL";"DET"
"Spence, Noah";"DL";"TAM"
"Spence, Sean";"DB";"IND"
"Sperbeck, Thomas";"WR";"TAM"
"Spikes, Brandon";"DB";"BUF"
"Spiller, C.J.";"RB";"K.C"
"Spriggs, Jason";"OL";"GNB"
"Sprinkle, Jeremy";"TE";"WAS"
"Sproles, Darren";"RB";"PHI"
"Spruce, Nelson";"WR";"LAR"
"Square, Damion";"DL";"LAC"
"Stafford, Matthew";"QB";"DET"
"Staley, Joe";"OL";"SFO"
"Stanback, William";"RB";"GNB"
"Stanford, Julian";"DB";"NYJ"
"Stanley, Ronnie";"OL";"BAL"
"Stanton, Drew";"QB";"ARI"
"Stanton, Dustin";"OL";"CIN"
"Staples, Justin";"DB";"TEN"
"Starks, James";"RB";"GNB"
"Staten, Jimmy";"DL";"TEN"
"Stave, Joel";"QB";"K.C"
"Steelers, Pittsburgh";"DEF";"PIT"
"Steen, Anthony";"OL";"MIA"
"Stephen, Shamar";"DL";"MIN"
"Stephenson, Donald";"OL";"DEN"
"Sterling, Neal";"TE";"JAC"
"Sterns, Jordan";"DB";"K.C"
"Sterup, Zach";"OL";"CLE"
"Stevens, Tony";"WR";"K.C"
"Stevenson, Freddie";"RB";"CHI"
"Stewart, ArDarius";"WR";"NYJ"
"Stewart, Brandon";"DB";"LAC"
"Stewart, Darian";"DB";"DEN"
"Stewart, Dez";"WR";"PIT"
"Stewart, Grover";"DL";"IND"
"Stewart, Jonathan";"RB";"CAR"
"Stewart, Orion";"DB";"DEN"
"Still, Devon";"DL";"HOU"
"Stills, Kenny";"WR";"MIA"
"Stinson, Ed";"DL";"ARI"
"Stocker, Luke";"TE";"TAM"
"Stone, James";"OL";"TAM"
"Stoneburner, Jake";"TE";"NOR"
"Streater, Rod";"WR";"BUF"
"Street, Devin";"WR";"HOU"
"Stribling, Channing";"DB";"CLE"
"Strief, Zach";"OL";"NOR"
"Stringfellow, Damore'ea";"WR";"MIA"
"Strong, Jaelen";"WR";"HOU"
"Stuckey, Darrell";"DB";"LAC"
"Stupar, Nate";"DB";"NOR"
"Sturgis, Caleb";"K";"PHI"
"Su'a-Filo, Xavier";"OL";"HOU"
"Succop, Ryan";"K";"TEN"
"Sudfeld, Nate";"QB";"WAS"
"Suggs, Terrell";"DB";"BAL"
"Suh, Ndamukong";"DL";"MIA"
"Sullivan, John";"OL";"LAR"
"Sullivan, Tre";"DB";"PHI"
"Summers, James";"RB";"ARI"
"Sunseri, Vinnie";"DB";"SFO"
"Supernaw, Phillip";"TE";"TEN"
"Sutton, Cam";"DB";"PIT"
"Sutton, Will";"DL";"MIN"
"Swaim, Geoff";"TE";"DAL"
"Swann, Damian";"DB";"NOR"
"Swanson, Travis";"OL";"DET"
"Swearinger, D.J.";"DB";"WAS"
"Sweezy, J.R.";"OL";"TAM"
"Switzer, Ryan";"WR";"DAL"
"Swoope, Erik";"TE";"IND"
"Swoopes, Tyrone";"TE";"SEA"
"Sylve, Bradley";"DB";"BUF"
"Tabor, Teez";"DB";"DET"
"Tagaloa, Freddie";"OL";"MIN"
"Taliaferro, Lorenzo";"RB";"BAL"
"Talib, Aqib";"DB";"DEN"
"Talley, David";"DB";"GNB"
"Tamme, Jacob";"TE";"ATL"
"Tandy, Keith";"DB";"TAM"
"Tankersley, Cordrea";"DB";"MIA"
"Tannehill, Ryan";"QB";"MIA"
"Tanney, Alex";"QB";"TEN"
"Tapp, Darryl";"DL";"NOR"
"Tapper, Charles";"DL";"DAL"
"Tartt, Jaquiski";"DB";"SFO"
"Tasini, Pasoni";"DL";"ARI"
"Tate, Brandon";"WR";"BUF"
"Tate, Golden";"WR";"DET"
"Taumoepenu, Pita";"DB";"SFO"
"Tautu, Sae";"DB";"NOR"
"Tavecchio, Giorgio";"K";"OAK"
"Taylor, Aaron";"DB";"GNB"
"Taylor, Devin";"DL";"NYG"
"Taylor, Jamar";"DB";"CLE"
"Taylor, Jordan";"WR";"DEN"
"Taylor, Lane";"OL";"GNB"
"Taylor, Phillip";"DL";"WAS"
"Taylor, Stepfan";"RB";"ARI"
"Taylor, Taywan";"WR";"TEN"
"Taylor, Trent";"WR";"SFO"
"Taylor, Tyrod";"QB";"BUF"
"Taylor, Vincent";"DL";"MIA"
"Te'o, Manti";"DB";"NOR"
"Telfer, Randall";"TE";"CLE"
"Terrell, Steven";"DB";"K.C"
"Tevi, Sam";"OL";"LAC"
"Texans, Houston";"DEF";"HOU"
"Theaker, Nate";"OL";"DAL"
"Therezie, Robenson";"DB";"NOR"
"Theus, John";"OL";"SFO"
"Thielen, Adam";"WR";"MIN"
"Thomas, Brandon";"OL";"DET"
"Thomas, Cam";"DL";"K.C"
"Thomas, Dallas";"OL";"PHI"
"Thomas, De'Anthony";"WR";"K.C"
"Thomas, Demaryius";"WR";"DEN"
"Thomas, Duke";"DB";"DAL"
"Thomas, Dwayne";"DB";"NWE"
"Thomas, Dymonte";"DB";"DEN"
"Thomas, Earl";"DB";"SEA"
"Thomas, J.T.";"DB";"NYG"
"Thomas, Jahad";"RB";"DAL"
"Thomas, Jhaustin";"DL";"IND"
"Thomas, Joe";"OL";"CLE"
"Thomas, Joe";"DB";"GNB"
"Thomas, Josh";"DB";"DAL"
"Thomas, Julius";"TE";"MIA"
"Thomas, Lawrence";"DL";"NYJ"
"Thomas, Logan";"TE";"BUF"
"Thomas, Michael";"DB";"MIA"
"Thomas, Michael";"WR";"NOR"
"Thomas, Noel";"WR";"DET"
"Thomas, Robert";"DL";"NYG"
"Thomas, Shamarko";"DB";"NYJ"
"Thomas, Solomon";"DL";"SFO"
"Thompson, Brandon";"DL";"CIN"
"Thompson, Carlos";"DB";"LAR"
"Thompson, Cedric";"DB";"CIN"
"Thompson, Chris";"WR";"HOU"
"Thompson, Chris";"RB";"WAS"
"Thompson, Colin";"TE";"NYG"
"Thompson, Darian";"DB";"NYG"
"Thompson, Deonte";"WR";"CHI"
"Thompson, Jason";"DB";"NWE"
"Thompson, Juwan";"RB";"DEN"
"Thompson, Kendal";"WR";"WAS"
"Thompson, Mykkele";"DB";"NYG"
"Thompson, Peyton";"DB";"JAC"
"Thompson, Tedric";"DB";"SEA"
"Thompson, Tyrus";"OL";"CAR"
"Thornton, Cedric";"DL";"DAL"
"Thornton, Josh";"DB";"DET"
"Thornton, Khyri";"DL";"DET"
"Thorpe, Neiko";"DB";"SEA"
"Thuney, Joe";"OL";"NWE"
"Tialavea, D.J.";"TE";"ATL"
"Tiller, Andrew";"OL";"K.C"
"Tillery, Lenard";"RB";"LAR"
"Timmons, Lawrence";"DB";"MIA"
"Timu, John";"DB";"CHI"
"Titans, Tennessee";"DEF";"TEN"
"Tobin, Matt";"OL";"PHI"
"Tocho, Jack";"DB";"MIN"
"Todman, Jordan";"RB";"NYJ"
"Toilolo, Levine";"TE";"ATL"
"Tolbert, Mike";"RB";"BUF"
"Toler, Greg";"DB";"WAS"
"Tolzien, Scott";"QB";"IND"
"Tom, Cameron";"OL";"NOR"
"Tomlinson, Dalvin";"DL";"NYG"
"Tomlinson, Eric";"TE";"NYJ"
"Tomlinson, Laken";"OL";"DET"
"Toner, Cole";"OL";"ARI"
"Tonyan, Robert";"WR";"DET"
"Toomer, Korey";"DB";"LAC"
"Torgersen, Alek";"QB";"ATL"
"Toussaint, Fitzgerald";"RB";"PIT"
"Towbridge, Keith";"TE";"BUF"
"Trail, Lynden";"DB";"WAS"
"Trattou, Justin";"DL";"TAM"
"Travis, Damarius";"DB";"NWE"
"Travis, Ross";"TE";"K.C"
"Trawick, Brynden";"DB";"TEN"
"Traylor, Austin";"TE";"DEN"
"Treadwell, Laquon";"WR";"MIN"
"Treggs, Bryce";"WR";"PHI"
"Tretter, JC";"OL";"CLE"
"Trevathan, Danny";"DB";"CHI"
"Tribune, Nigel";"DB";"NYG"
"Trinca-Pasat, Louis";"DL";"LAR"
"Tripp, Jordan";"DB";"GNB"
"Trubisky, Mitchell";"QB";"CHI"
"Truesdell, Nick";"TE";"MIN"
"Trufant, Desmond";"DB";"ATL"
"Trusnik, Jason";"DB";"NOR"
"Tu'ikolovatu, Stevie";"DL";"TAM"
"Tucker, Justin";"K";"BAL"
"Tucker, Marcus";"WR";"PIT"
"Tuerk, Max";"OL";"LAC"
"Tuitt, Stephon";"DL";"PIT"
"Tukuafu, Will";"RB";"SEA"
"Tulloch, Stephen";"DB";"PHI"
"Tunsil, Laremy";"OL";"MIA"
"Tupou, Josh";"DL";"CIN"
"Tupou, Tani";"DL";"ATL"
"Turbin, Robert";"RB";"IND"
"Turner, Billy";"OL";"DEN"
"Turner, Landon";"OL";"NOR"
"Turner, Paul";"WR";"PHI"
"Turner, Trai";"OL";"CAR"
"Tye, Will";"TE";"NYG"
"Tyson, Mike";"DB";"SEA"
"Ugokwe, Jerry";"OL";"IND"
"Unga, Uani'";"DB";"NYG"
"Unger, Max";"OL";"NOR"
"Unrein, Mitch";"DL";"CHI"
"Upshaw, Courtney";"DL";"ATL"
"Urban, Brent";"DL";"BAL"
"Urbik, Kraig";"OL";"MIA"
"Uzomah, C.J.";"TE";"CIN"
"Vaccaro, Kenny";"DB";"NOR"
"Vaeao, Destiny";"DL";"PHI"
"Vaitai, Halapoulivaati";"OL";"PHI"
"Valentine, Vincent";"DL";"NWE"
"Vallejo, Tanner";"DB";"BUF"
"Valles, Hakeem";"TE";"ARI"
"Valles, Max";"DL";"BUF"
"Valoaga, Jeremiah";"DL";"DET"
"Van Dyke, DeMarcus";"DB";"ATL"
"Van Noy, Kyle";"DB";"NWE"
"Van Roten, Greg";"OL";"CAR"
"Vander Laan, Jason";"TE";"NYJ"
"Vanderdoes, Eddie";"DL";"OAK"
"Vannett, Nick";"TE";"SEA"
"Vaughan, Dustin";"QB";"BAL"
"Veldheer, Jared";"OL";"ARI"
"Vellano, Joe";"DL";"ATL"
"Vereen, Corey";"DL";"NWE"
"Vereen, Shane";"RB";"NYG"
"Verner, Alterraun";"DB";"MIA"
"Vernon, Olivier";"DL";"NYG"
"Verrett, Jason";"DB";"LAC"
"Vigil, Nick";"DB";"CIN"
"Vigil, Zach";"DB";"WAS"
"Vikings, Minnesota";"DEF";"MIN"
"Villanueva, Alejandro";"OL";"PIT"
"Vinatieri, Adam";"K";"IND"
"Virgin, Dee";"DB";"HOU"
"Vitale, Danny";"RB";"CLE"
"Vollmer, Sebastian";"OL";"NWE"
"Voytek, Zach";"OL";"BUF"
"Vujnovich, Jeremy";"OL";"IND"
"Wacha, Lucas";"DB";"DAL"
"Waddle, LaAdrian";"OL";"NWE"
"Wade, Trevin";"DB";"NYG"
"Wagner, Bobby";"DB";"SEA"
"Wagner, Ricky";"OL";"DET"
"Wake, Cameron";"DL";"MIA"
"Walden, Erik";"DB";"TEN"
"Walford, Clive";"TE";"OAK"
"Walker, Anthony";"DB";"IND"
"Walker, Charles";"DL";"PHI"
"Walker, DeMarcus";"DL";"DEN"
"Walker, Delanie";"TE";"TEN"
"Walker, Derel";"WR";"TAM"
"Walker, Joe";"DB";"PHI"
"Walker, Josh";"OL";"HOU"
"Walker, Kenneth";"WR";"JAC"
"Walker, Phillip";"QB";"IND"
"Walker, Tyrunn";"DL";"LAR"
"Walker, Vance";"DL";"DEN"
"Wallace, Aaron";"DB";"TEN"
"Wallace, Cody";"OL";"PIT"
"Wallace, Eric";"TE";"CAR"
"Wallace, Martin";"OL";"NOR"
"Wallace, Mike";"WR";"BAL"
"Waller, Darren";"TE";"BAL"
"Walsh, Blair";"K";"SEA"
"Walters, Bryan";"WR";"JAC"
"Walton, L.T.";"DL";"PIT"
"Ward, Channing";"DL";"TAM"
"Ward, Greg";"WR";"PHI"
"Ward, Jihad";"DL";"OAK"
"Ward, Jimmie";"DB";"SFO"
"Ward, T.J.";"DB";"DEN"
"Ward, Terron";"RB";"ATL"
"Ware, Jylan";"OL";"OAK"
"Ware, Spencer";"RB";"K.C"
"Warford, Larry";"OL";"NOR"
"Warmack, Chance";"OL";"PHI"
"Warmsley, Julius";"DL";"MIA"
"Washington, Adolphus";"DL";"BUF"
"Washington, Charles";"DB";"DET"
"Washington, Cornelius";"DL";"DET"
"Washington, Daryl";"DB";"ARI"
"Washington, DeAndre";"RB";"OAK"
"Washington, Deron";"DB";"ATL"
"Washington, Dwayne";"RB";"DET"
"Washington, Shaan";"DB";"MIN"
"Washington, Tony";"DB";"HOU"
"Washington, Tony";"WR";"NWE"
"Waters, Herb";"DB";"GNB"
"Watford, David";"WR";"PHI"
"Watford, Earl";"OL";"JAC"
"Watkins, Carlos";"DL";"HOU"
"Watkins, Jaylen";"DB";"PHI"
"Watkins, Sammy";"WR";"BUF"
"Watson, Benjamin";"TE";"BAL"
"Watson, Brad";"DB";"LAC"
"Watson, Dekoda";"DB";"SFO"
"Watson, Deshaun";"QB";"HOU"
"Watson, Menelik";"OL";"DEN"
"Watson, Terrell";"RB";"PIT"
"Watt, Derek";"RB";"LAC"
"Watt, J.J.";"DL";"HOU"
"Watt, T.J.";"DB";"PIT"
"Watts, Brandon";"DB";"MIA"
"Watts, Craig";"OL";"NYJ"
"Waynes, Trae";"DB";"MIN"
"Weatherly, Stephen";"DL";"MIN"
"Weatherspoon, Sean";"DB";"ATL"
"Webb, B.W.";"DB";"CHI"
"Webb, Davis";"QB";"NYG"
"Webb, Joe";"QB";"CAR"
"Webb, Lardarius";"DB";"BAL"
"Webb, Terrish";"DB";"PIT"
"Webster, Kayvon";"DB";"LAR"
"Webster, Larry";"DL";"CAR"
"Weddle, Eric";"DB";"BAL"
"Weeden, Brandon";"QB";"HOU"
"Weems, Eric";"WR";"TEN"
"Wells, Josh";"OL";"JAC"
"Wendell, Ryan";"OL";"CAR"
"Wentz, Carson";"QB";"PHI"
"Wesley, De'Ondre";"OL";"BAL"
"West, Charcandrick";"RB";"K.C"
"West, Terrance";"RB";"BAL"
"Westbrook, Dede";"WR";"JAC"
"Westbrook, Tevin";"TE";"TAM"
"Westbrooks, Ethan";"DL";"LAR"
"Wester, Leonard";"OL";"TAM"
"Westerkamp, Jordan";"WR";"MIA"
"Westerman, Christian";"OL";"CIN"
"Wetzel, John";"OL";"ARI"
"Whalen, Griff";"WR";"BAL"
"Wheaton, Markus";"WR";"CHI"
"Wheeler, Chad";"OL";"NYG"
"Wheeler, Philip";"DB";"ARI"
"White, Corey";"DB";"NYJ"
"White, D.J.";"DB";"K.C"
"White, James";"RB";"NWE"
"White, Kevin";"WR";"CHI"
"White, Marquez";"DB";"DAL"
"White, Mitchell";"DB";"PHI"
"White, Myles";"WR";"NYJ"
"White, Tim";"WR";"BAL"
"White, Tre'Davious";"DB";"BUF"
"Whitehair, Cody";"OL";"CHI"
"Whitehead, Jermaine";"DB";"GNB"
"Whitehead, Lucky";"WR";"NYJ"
"Whitehead, Tahir";"DB";"DET"
"Whitfield, Kermit";"WR";"CIN"
"Whitner, Donte";"DB";"WAS"
"Whitney, Isaac";"WR";"OAK"
"Whittaker, Fozzy";"RB";"CAR"
"Whitworth, Andrew";"OL";"LAR"
"Wichmann, Cody";"OL";"LAR"
"Wick, Cole";"TE";"DET"
"Wiggins, Kenny";"OL";"LAC"
"Wilber, Kyle";"DB";"DAL"
"Wilcox, J.J.";"DB";"TAM"
"Wilds, Brandon";"RB";"CLE"
"Wilfork, Vince";"DL";"HOU"
"Wilhoite, Michael";"DB";"SEA"
"Wilkerson, Muhammad";"DL";"NYJ"
"Wilkinson, Elijah";"OL";"DEN"
"Williams, Aaron";"DB";"BUF"
"Williams, Andre";"RB";"LAC"
"Williams, Antwione";"DB";"DET"
"Williams, Avery";"DB";"HOU"
"Williams, Brandon";"DB";"ARI"
"Williams, Brandon";"DL";"BAL"
"Williams, Brandon";"TE";"IND"
"Williams, Chad";"WR";"ARI"
"Williams, Damien";"RB";"MIA"
"Williams, Dan";"DL";"OAK"
"Williams, Darrell";"OL";"LAR"
"Williams, Darrell";"OL";"SFO"
"Williams, Daryl";"OL";"CAR"
"Williams, DeAngelo";"RB";"PIT"
"Williams, DeShawn";"DL";"CIN"
"Williams, Dom";"WR";"PHI"
"Williams, Duke";"DB";"IND"
"Williams, Isaiah";"OL";"WAS"
"Williams, Ishaq";"DL";"NYG"
"Williams, Jalen";"WR";"NYG"
"Williams, Jamaal";"RB";"GNB"
"Williams, Jarveon";"RB";"CIN"
"Williams, Joe";"RB";"SFO"
"Williams, Jonathan";"RB";"BUF"
"Williams, Jordan";"WR";"NOR"
"Williams, Jordan";"DL";"NYG"
"Williams, K'Waun";"DB";"SFO"
"Williams, Kasen";"WR";"SEA"
"Williams, Kerwynn";"RB";"ARI"
"Williams, Kyle";"DL";"BUF"
"Williams, Leonard";"DL";"NYJ"
"Williams, Marcus";"DB";"NOR"
"Williams, Marcus";"DB";"NYJ"
"Williams, Mario";"DL";"MIA"
"Williams, Marquez";"RB";"JAC"
"Williams, Maxx";"TE";"BAL"
"Williams, Michael";"TE";"NWE"
"Williams, Mike";"WR";"LAC"
"Williams, Nick";"WR";"ATL"
"Williams, Nick";"DL";"MIA"
"Williams, Nigel";"DL";"BUF"
"Williams, P.J.";"DB";"NOR"
"Williams, Shawn";"DB";"CIN"
"Williams, Stanley";"RB";"CIN"
"Williams, Sylvester";"DL";"TEN"
"Williams, Teddy";"DB";"CAR"
"Williams, Terrance";"WR";"DAL"
"Williams, Tim";"DB";"BAL"
"Williams, Tourek";"DB";"K.C"
"Williams, Tramon";"DB";"ARI"
"Williams, Trent";"OL";"WAS"
"Williams, Trevor";"DB";"LAC"
"Williams, Trey";"RB";"PIT"
"Williams, Tyrell";"WR";"LAC"
"Williams, Vince";"DB";"PIT"
"Williams, Wendall";"WR";"HOU"
"Williams, Xavier";"DL";"ARI"
"Williamson, Andrew";"DB";"IND"
"Williamson, Avery";"DB";"TEN"
"Willis, Jordan";"DL";"CIN"
"Willson, Luke";"TE";"SEA"
"Wilson, Albert";"WR";"K.C"
"Wilson, Bobo";"WR";"TAM"
"Wilson, Brandon";"DB";"CIN"
"Wilson, C.J.";"DL";"CHI"
"Wilson, Damien";"DB";"DAL"
"Wilson, Eric";"DB";"MIN"
"Wilson, Howard";"DB";"CLE"
"Wilson, Jarrod";"DB";"JAC"
"Wilson, Kyle";"DB";"NOR"
"Wilson, Marquess";"WR";"NYJ"
"Wilson, Quincy";"DB";"IND"
"Wilson, Ramik";"DB";"K.C"
"Wilson, Russell";"QB";"SEA"
"Wilson, Tavon";"DB";"DET"
"Wilson, Travis";"TE";"LAR"
"Wiltz, Jomal";"DB";"PHI"
"Winn, Billy";"DL";"DEN"
"Winn, George";"RB";"NYG"
"Winston, Eric";"OL";"CIN"
"Winston, Jameis";"QB";"TAM"
"Winters, Brian";"OL";"NYJ"
"Wise, Deatrich";"DL";"NWE"
"Wisniewski, Stefen";"OL";"PHI"
"Witherspoon, Ahkello";"DB";"SFO"
"Witten, Jason";"TE";"DAL"
"Witzmann, Bryan";"OL";"K.C"
"Wolfe, Derek";"DL";"DEN"
"Wolff, Earl";"DB";"WAS"
"Wood, Eric";"OL";"BUF"
"Woodard, Jonathan";"DL";"JAC"
"Woodhead, Danny";"RB";"BAL"
"Woodrum, Josh";"QB";"BAL"
"Woods, Al";"DL";"IND"
"Woods, Antwaun";"DL";"TEN"
"Woods, Robert";"WR";"LAR"
"Woods, Xavier";"DB";"DAL"
"Woodson-Luster, Xavier";"DB";"OAK"
"Woodyard, Wesley";"DB";"TEN"
"Worley, Daryl";"DB";"CAR"
"Wormley, Chris";"DL";"BAL"
"Worrilow, Paul";"DB";"DET"
"Worthy, Jerel";"DL";"BUF"
"Wreh-Wilson, Blidi";"DB";"ATL"
"Wright, Gabe";"DL";"PHI"
"Wright, James";"WR";"CLE"
"Wright, Jarius";"WR";"MIN"
"Wright, K.J.";"DB";"SEA"
"Wright, Kendall";"WR";"CHI"
"Wright, Scooby";"DB";"ARI"
"Wright, Shareece";"DB";"BUF"
"Wright, Timothy";"TE";"DET"
"Wujciak, Connor";"DL";"PHI"
"Wylie, Andrew";"OL";"IND"
"Wynn, Kerry";"DL";"NYG"
"Wynn, Shane";"WR";"JAC"
"Yancey, DeAngelo";"WR";"GNB"
"Yanda, Marshal";"OL";"BAL"
"Yankey, David";"OL";"CAR"
"Yarbrough, Eddie";"DL";"BUF"
"Yates, T.J.";"QB";"BUF"
"Yeldon, T.J.";"RB";"JAC"
"Young, Avery";"OL";"MIA"
"Young, Darrel";"RB";"CAR"
"Young, Lou";"DB";"WAS"
"Young, Sam";"OL";"MIA"
"Young, Tavon";"DB";"BAL"
"Young, Willie";"DB";"CHI"
"Zamora, Ishmael";"WR";"OAK"
"Zaruba, Adam";"TE";"PHI"
"Zeitler, Kevin";"OL";"CLE"
"Zenner, Zach";"RB";"DET"
"Zettel, Anthony";"DL";"DET"
"Zimmer, Justin";"DL";"NOR"
"Zombo, Frank";"DB";"K.C"
"Zuerlein, Greg";"K";"LAR"
"Zuttah, Jeremy";"OL";"SFO"
